CRASH_ID,CRASH_DATETIME,ROUTE,MILEPOINT,LAT_UTM_Y,LONG_UTM_X,MAIN_ROAD_NAME,CITY,COUNTY_NAME,CRASH_SEVERITY_ID,WORK_ZONE_RELATED,PEDESTRIAN_INVOLVED,BICYCLIST_INVOLVED,MOTORCYCLE_INVOLVED,IMPROPER_RESTRAINT,UNRESTRAINED,DUI,INTERSECTION_RELATED,WILD_ANIMAL_RELATED,DOMESTIC_ANIMAL_RELATED,OVERTURN_ROLLOVER,COMMERCIAL_MOTOR_VEH_INVOLVED,TEENAGE_DRIVER_INVOLVED,OLDER_DRIVER_INVOLVED,NIGHT_DARK_CONDITION,SINGLE_VEHICLE,DISTRACTED_DRIVING,DROWSY_DRIVING,ROADWAY_DEPARTURE
10810244,2016-01-07T09:35:00.000000+0000,30,82.841,4647821.0,342376.0,SR-30,OUTSIDE CITY LIMITS,BOX ELDER,1,false,false,false,false,false,false,false,true,false,false,false,true,false,false,false,false,false,false,false
10808304,2016-01-09T17:22:00.000000+0000,84,11.2,4643463.255,363418.8612,I-84,OUTSIDE CITY LIMITS,BOX ELDER,1,false,false,false,false,false,false,false,false,false,false,true,false,false,false,false,true,true,false,true
10810575,2016-01-16T15:42:00.000000+0000,13,21.9,4621232.289,404914.4333000001,SR-13,GARLAND,BOX ELDER,1,false,false,false,false,false,false,false,false,false,false,true,false,true,false,false,true,false,false,true
10810582,2016-01-06T19:33:00.000000+0000,81,0.1,4626729.441000001,406505.6565,SR-81,OUTSIDE CITY LIMITS,BOX ELDER,1,false,false,false,false,false,false,false,true,false,false,false,false,false,false,true,true,false,false,true
10810591,2016-01-16T14:20:00.000000+0000,84,31.665,4628823.297,390517.762,I-84,OUTSIDE CITY LIMITS,BOX ELDER,1,false,false,false,false,false,false,false,false,false,false,false,false,false,false,false,false,false,false,false
10810593,2016-01-16T13:55:00.000000+0000,15,384.1,4624677.392999999,402139.389,I-15,OUTSIDE CITY LIMITS,BOX ELDER,1,false,false,false,false,false,false,false,false,false,false,false,false,false,false,false,true,false,false,true
10821736,2016-02-18T11:44:00.000000+0000,13,24.5,4625326.028999999,404505.28740000003,SR-13,OUTSIDE CITY LIMITS,BOX ELDER,1,false,false,false,false,false,false,false,false,false,false,false,false,false,false,false,false,false,false,true
10821738,2016-02-14T08:35:00.000000+0000,15,379.222452,4616833.743,401208.3238,I-15,TREMONTON,BOX ELDER,2,false,false,false,false,false,false,false,false,false,false,true,false,false,false,false,true,false,false,true
10837814,2016-04-13T05:50:00.000000+0000,102,15.497,4618395.2,401749.6576,1000 W MAIN,TREMONTON,BOX ELDER,1,false,false,false,false,false,false,false,true,false,false,false,false,true,false,true,false,false,false,false
10821614,2016-02-19T15:05:00.000000+0000,1128,1.39,4620046.84,403199.93620000005,1400 SOUTH 100 WEST,GARLAND,BOX ELDER,1,false,false,false,false,false,false,false,false,false,false,false,false,true,false,false,false,false,false,false
10816207,2016-01-19T01:55:00.000000+0000,84,26.1,4630950.431000001,382127.0257,I-84,HOWELL,BOX ELDER,1,false,false,false,false,false,false,false,false,false,false,false,true,false,false,true,true,false,false,false
10840901,2016-04-16T13:52:00.000000+0000,13,20.033,4618234.162999999,404978.0983,SR-13 AND ABOUT 170 S,TREMONTON,BOX ELDER,2,false,false,false,false,true,true,false,false,false,false,false,false,false,false,false,false,true,false,false
10827652,2016-03-13T06:11:00.000000+0000,32815,0.1,4621212.948000001,403106.0584,200 W,GARLAND,BOX ELDER,4,false,false,false,false,false,true,true,false,false,false,false,false,false,false,true,true,false,false,true
10827661,2016-03-06T15:25:00.000000+0000,84,10.1,4644740.276000001,362217.2888,I-84,OUTSIDE CITY LIMITS,BOX ELDER,1,false,false,false,false,false,false,false,false,false,false,true,false,false,false,false,true,false,false,true
10832676,2016-03-21T21:48:00.000000+0000,15,380.1,4618468.0,400811.0,I-15,TREMONTON,BOX ELDER,1,false,false,false,false,false,false,false,false,false,false,false,false,false,false,true,false,false,false,false
10819120,2016-01-29T20:54:00.000000+0000,84,25.5,4631737.8209999995,381577.109,I-84,OUTSIDE CITY LIMITS,BOX ELDER,1,false,false,false,false,false,false,false,false,false,false,true,false,false,false,true,true,false,false,true
10832347,2016-03-28T20:28:00.000000+0000,102,15.84,4618409.527,402303.48530000006,600 W MAIN,TREMONTON,BOX ELDER,2,false,false,false,false,false,false,false,false,false,false,false,false,true,false,true,false,false,false,false
10842845,2016-04-29T12:25:00.000000+0000,84,41.05,4618197.337,399938.34109999996,I-84,TREMONTON,BOX ELDER,1,false,false,false,false,false,false,false,false,false,false,false,true,false,true,false,false,true,false,false
10842849,2016-04-30T21:00:00.000000+0000,15,376.894212,4615210.0,404523.0,I-15,ELWOOD,BOX ELDER,1,false,false,false,false,false,false,false,false,true,false,false,false,false,false,true,true,false,false,false
10842850,2016-04-30T08:20:00.000000+0000,84,0.1,4651243.693999999,348287.6605,I-84,OUTSIDE CITY LIMITS,BOX ELDER,1,false,false,false,false,false,false,false,false,true,false,false,false,false,false,false,true,false,false,false
10821989,2016-02-08T15:58:00.000000+0000,30000,0.1,4620162.813999999,401008.8223,12100 N CANAL BANK RD,TREMONTON,BOX ELDER,2,false,false,false,false,false,false,false,false,false,false,false,false,false,false,false,true,false,false,true
10818442,2016-01-31T20:46:00.000000+0000,15,379.382173,4617013.868999999,400919.3534,I-15,OUTSIDE CITY LIMITS,BOX ELDER,1,false,false,false,false,false,false,false,false,false,false,true,false,false,false,true,true,false,false,false
10831489,2016-03-06T15:33:00.000000+0000,84,0.8,4650337.113999999,348950.3798,I-84,OUTSIDE CITY LIMITS,BOX ELDER,3,false,false,false,false,false,false,false,false,false,false,false,false,false,false,false,true,true,false,true
10837363,2016-04-11T06:20:00.000000+0000,15,394.5,4641199.0,402868.0,I-15,OUTSIDE CITY LIMITS,BOX ELDER,1,false,false,false,false,false,false,false,false,true,false,false,false,false,false,false,true,false,false,false
10834700,2016-04-04T15:35:00.000000+0000,1110,10.051,4618395.625999999,401749.6951,SR-102,TREMONTON,BOX ELDER,1,false,false,false,false,false,false,false,true,false,false,false,false,false,false,false,false,false,false,false
10818431,2016-02-01T04:33:00.000000+0000,15,379.566667,4617377.033,400775.6143,I-15,OUTSIDE CITY LIMITS,BOX ELDER,1,false,false,false,false,false,false,false,false,false,false,false,false,false,false,true,true,false,false,true
10820467,2016-02-17T08:34:00.000000+0000,102,15.497,4618395.2,401749.6576,1000 W MAIN ST,TREMONTON,BOX ELDER,1,false,false,false,false,false,false,false,true,false,false,false,false,false,false,false,false,false,false,false
10827178,2016-03-10T21:30:00.000000+0000,1121,0.255,4619217.274,402166.3552,780 W 600 N,TREMONTON,BOX ELDER,1,false,false,false,false,false,false,false,false,false,false,false,false,false,false,false,false,false,false,false
10827190,2016-03-11T20:17:00.000000+0000,15,383.3,4623452.561,401758.4390000001,I-15,OUTSIDE CITY LIMITS,BOX ELDER,1,false,false,false,false,false,false,false,false,false,false,false,false,false,false,true,true,false,false,true
10828307,2016-03-16T06:50:00.000000+0000,37712,0.1,4618291.904,402243.13550000003,100 S,TREMONTON,BOX ELDER,1,false,false,false,false,false,false,false,true,false,false,false,false,false,false,true,true,false,false,true
10814306,2016-01-27T16:25:00.000000+0000,84,14.9,4640522.675,368521.47930000006,I-84,OUTSIDE CITY LIMITS,BOX ELDER,2,false,false,false,false,false,false,false,false,false,false,true,false,true,false,false,true,false,true,true
10838491,2016-04-12T14:00:00.000000+0000,84,30.5,4629479.7129999995,388784.07540000003,I-84,OUTSIDE CITY LIMITS,BOX ELDER,1,false,false,false,false,false,true,false,false,false,false,false,true,false,false,false,false,false,false,false
10833242,2016-03-20T21:20:00.000000+0000,15,381.028,4619961.039,400787.8848,I-15,TREMONTON,BOX ELDER,2,false,false,false,false,false,false,false,false,false,false,false,false,false,false,true,true,false,false,false
10836928,2016-04-09T17:35:00.000000+0000,1110,10.02,4618344.858999999,401749.9221,1000 W,TREMONTON,BOX ELDER,1,false,false,false,false,false,false,false,false,false,false,false,false,true,false,false,false,false,false,false
10820702,2016-02-17T11:25:00.000000+0000,32815,0.1,4619847.758,403598.80269999994,1500 SOUTH 300 EAST,GARLAND,BOX ELDER,1,false,false,false,false,false,false,false,false,false,false,false,false,true,false,false,false,false,false,false
10834087,2016-03-23T11:50:00.000000+0000,84,31.8,4628765.334,390731.07920000004,I-84,OUTSIDE CITY LIMITS,BOX ELDER,1,false,false,false,false,false,false,false,false,false,false,false,false,false,false,false,true,false,false,false
10824777,2016-02-20T08:05:00.000000+0000,15,376.795441,4615122.0,404656.0,I-15,ELWOOD,BOX ELDER,3,false,false,false,false,true,false,false,false,false,false,true,false,true,false,false,true,false,false,true
10830451,2016-03-15T17:33:00.000000+0000,15,381.27,4620349.712,400789.7983,I-15,OUTSIDE CITY LIMITS,BOX ELDER,3,false,false,false,false,false,false,false,false,false,false,false,false,false,false,false,true,false,false,true
10853232,2016-06-04T00:00:00.000000+0000,83,23.73,4620026.9629999995,380752.6639,"SR 83 FAUST VALLEY ROAD, HOWEL",HOWELL,BOX ELDER,1,false,false,false,false,false,false,false,false,true,false,false,false,false,false,true,true,false,false,false
10864798,2016-07-11T13:30:00.000000+0000,15,381.5,4620724.212,400807.9412,I-15,OUTSIDE CITY LIMITS,BOX ELDER,1,false,false,false,false,false,false,false,false,false,false,false,false,false,true,false,true,false,true,true
10864842,2016-07-12T13:00:00.000000+0000,13,19,4616571.635,404995.62940000003,SR-13,ELWOOD,BOX ELDER,2,false,false,false,false,false,false,false,false,false,false,false,false,false,true,false,false,true,false,false
10864844,2016-07-12T15:00:00.000000+0000,15,0.25,4615071.092,405040.23850000004,I-15,ELWOOD,BOX ELDER,1,false,false,false,false,false,false,false,false,false,false,false,false,false,false,false,false,false,false,false
10864845,2016-07-14T22:45:00.000000+0000,84,24.6,4632955.472000001,380788.8638,I-84,OUTSIDE CITY LIMITS,BOX ELDER,1,false,false,false,false,false,false,false,false,false,false,false,true,false,false,true,false,false,true,false
10860061,2016-06-25T01:19:00.000000+0000,84,23.9,4633888.818999999,380150.9571,I-84,OUTSIDE CITY LIMITS,BOX ELDER,1,false,false,false,false,false,false,false,false,false,false,false,true,false,true,true,true,false,false,false
10861627,2016-07-01T00:47:00.000000+0000,84,9.7,4645232.316,361799.6696,I-84,OUTSIDE CITY LIMITS,BOX ELDER,2,false,false,false,false,false,false,false,false,false,false,false,true,false,false,true,false,false,true,false
10852768,2016-06-02T15:55:00.000000+0000,15,381.1,4620075.965,400788.43080000003,I-15,TREMONTON,BOX ELDER,1,false,false,false,false,false,false,false,false,false,false,false,false,false,false,false,false,true,true,false
10860067,2016-06-18T21:22:00.000000+0000,84,15.185,4640173.377,368811.55269999994,I-84,OUTSIDE CITY LIMITS,BOX ELDER,5,false,false,false,false,true,true,false,false,false,false,true,false,false,false,false,true,true,false,true
10865789,2016-07-19T11:08:00.000000+0000,84,12.5,4642175.598,365067.99400000006,I-84,OUTSIDE CITY LIMITS,BOX ELDER,2,false,false,false,false,false,false,false,false,false,false,false,false,false,true,false,false,false,false,false
10865790,2016-07-20T06:32:00.000000+0000,84,38.1,4620903.765,396078.8961,I-84,OUTSIDE CITY LIMITS,BOX ELDER,1,false,false,false,false,false,false,false,false,false,false,false,false,false,false,false,true,false,true,true
10858157,2016-06-24T23:44:00.000000+0000,102,15.51,4618395.7700000005,401771.5982,SR-102,TREMONTON,BOX ELDER,2,false,false,false,false,false,false,false,true,false,false,false,false,true,false,true,false,false,false,false
10849854,2016-05-21T16:33:00.000000+0000,32815,0.1,4620353.162999999,403432.0503,1150 COTTONWOOD CT,GARLAND,BOX ELDER,1,false,false,false,false,false,false,false,false,false,false,false,false,true,false,false,false,false,false,false
10865965,2016-07-23T15:25:00.000000+0000,32815,0.1,4621568.279,403342.63169999997,100 SOUTH,GARLAND,BOX ELDER,1,false,false,false,false,false,false,false,false,false,false,false,false,false,false,false,false,false,false,false
10855686,2016-06-12T06:46:00.000000+0000,102,9.5,4616731.906,393674.17819999997,SR-102,OUTSIDE CITY LIMITS,BOX ELDER,1,false,false,false,false,false,false,false,false,false,false,false,false,false,false,false,true,false,false,true
10873276,2016-08-07T00:20:00.000000+0000,1132,1.758,4623384.844,406317.5071,4459 W 13600 N,OUTSIDE CITY LIMITS,BOX ELDER,3,false,false,false,false,true,true,true,false,false,false,true,false,false,false,true,true,false,false,true
10864153,2016-07-16T00:00:00.000000+0000,37712,0.1,4618865.4860000005,402239.70950000006,731 W 350 N,TREMONTON,BOX ELDER,1,false,false,false,false,false,false,false,false,false,false,false,false,false,false,true,false,false,false,false
10873010,2016-08-05T11:16:00.000000+0000,84,32.4,4628394.470000001,391623.855,I-84,OUTSIDE CITY LIMITS,BOX ELDER,2,false,false,false,false,false,false,false,false,false,false,true,false,false,false,false,true,false,false,true
10873012,2016-08-01T15:42:00.000000+0000,13,18.404,4615612.322,405006.52150000003,SR-13,ELWOOD,BOX ELDER,3,false,false,false,false,false,false,false,false,false,false,false,false,false,false,false,false,true,false,false
10849573,2016-05-14T21:04:00.000000+0000,84,29.4,4630151.714,387160.04289999994,I-84,OUTSIDE CITY LIMITS,BOX ELDER,1,false,false,false,false,false,false,false,false,true,false,false,false,false,false,true,true,false,false,false
10856331,2016-05-27T00:01:00.000000+0000,84,11.9,4642777.991,364314.30779999995,I-84,OUTSIDE CITY LIMITS,BOX ELDER,3,false,false,false,false,false,false,false,false,false,true,true,false,false,false,true,true,false,false,false
10856335,2016-06-17T19:26:00.000000+0000,84,15.605,4639616.022,369189.42250000004,I-84,OUTSIDE CITY LIMITS,BOX ELDER,1,false,false,false,false,false,false,false,false,true,false,false,false,false,false,false,true,false,false,false
10850667,2016-05-21T08:30:00.000000+0000,15,377.683892,4615915.0,403461.0,I-15,ELWOOD,BOX ELDER,1,false,false,false,false,false,false,false,false,false,false,false,false,false,false,false,true,false,false,true
10863018,2016-07-13T05:50:00.000000+0000,102,11,4618303.95,394510.94560000004,SR-102,OUTSIDE CITY LIMITS,BOX ELDER,1,false,false,false,false,false,false,false,false,true,false,false,false,false,false,false,true,false,false,false
10857693,2016-06-15T13:20:00.000000+0000,15,393.9,4640237.461,402849.0983,I-15,OUTSIDE CITY LIMITS,BOX ELDER,3,false,false,false,false,false,false,false,false,false,false,true,false,false,false,false,true,true,false,true
10870503,2016-08-03T13:00:00.000000+0000,30000,0.1,4647423.648999999,391974.5024,BROAD CANYON RD,OUTSIDE CITY LIMITS,BOX ELDER,1,false,false,false,false,false,false,false,false,false,false,false,false,false,false,false,true,false,false,false
10873713,2016-08-17T00:00:00.000000+0000,37712,0.1,4618688.847,402800.22540000005,155 W 200 N,TREMONTON,BOX ELDER,1,false,false,false,false,false,false,false,false,false,false,false,false,false,true,true,false,false,false,false
10871277,2016-08-01T13:21:00.000000+0000,84,14.822,4640589.648999999,368414.74179999996,I-84,OUTSIDE CITY LIMITS,BOX ELDER,5,false,false,false,false,true,true,false,false,false,false,true,false,true,false,false,true,false,false,true
10870968,2016-08-03T13:30:00.000000+0000,13,27.311,4629770.512999999,404876.1795,SR 13,OUTSIDE CITY LIMITS,BOX ELDER,1,false,false,false,false,false,false,false,true,false,false,false,false,true,false,false,false,false,false,false
10890698,2016-10-11T14:48:00.000000+0000,1135,7.45,4636801.975000001,403218.6466999999,20314 N 6000 W,OUTSIDE CITY LIMITS,BOX ELDER,3,false,false,false,false,false,false,false,false,false,false,true,false,true,false,false,true,false,false,true
10891734,2016-10-08T22:42:00.000000+0000,30,86,4647778.182,347459.6013,SR-30,OUTSIDE CITY LIMITS,BOX ELDER,3,false,false,false,false,false,false,false,false,false,true,false,false,false,true,true,true,false,false,false
10891736,2016-10-09T17:11:00.000000+0000,84,11.1,4643544.332,363279.27530000004,I-84,OUTSIDE CITY LIMITS,BOX ELDER,1,false,false,false,false,false,false,false,false,false,false,false,false,false,false,false,true,false,false,false
10891737,2016-10-10T07:33:00.000000+0000,84,39.85,4619211.783,398291.0878,I-84,OUTSIDE CITY LIMITS,BOX ELDER,1,false,false,false,false,false,false,false,false,true,false,false,false,false,false,false,true,false,false,false
10891739,2016-09-14T14:15:00.000000+0000,15,385.4,4626712.984,402554.4568,I-15,OUTSIDE CITY LIMITS,BOX ELDER,4,false,false,false,false,false,false,false,false,false,false,false,false,false,true,false,true,false,false,true
10881967,2016-09-19T16:11:00.000000+0000,1128,0.482,4620021.237000001,401734.4194000001,1000 W 1000 N,TREMONTON,BOX ELDER,1,false,false,false,false,false,false,false,true,false,false,false,true,false,false,false,false,false,false,false
10882017,2016-09-19T11:22:00.000000+0000,1126,0.993,4618429.5770000005,402994.9995000001,N TREMONT ST & E MAIN ST,TREMONTON,BOX ELDER,2,false,true,false,false,false,false,false,true,false,false,false,false,false,true,false,true,false,false,false
10883637,2016-09-26T07:06:00.000000+0000,1110,10.051,4618395.407000001,401749.6976,1000 W MAIN,TREMONTON,BOX ELDER,1,false,false,false,false,false,false,false,true,false,false,false,false,true,false,false,false,false,false,false
10893361,2016-10-29T19:40:00.000000+0000,15,393.8,4640076.578000001,402851.5539,I-15,OUTSIDE CITY LIMITS,BOX ELDER,1,false,false,false,false,false,false,false,false,true,false,false,false,false,false,true,true,false,false,false
10877190,2016-08-09T04:40:00.000000+0000,102,12.9,4618337.3,397574.11689999996,SR-102,OUTSIDE CITY LIMITS,BOX ELDER,2,false,false,false,false,false,false,false,false,false,false,true,false,false,false,true,true,false,false,true
10893517,2016-10-14T19:30:00.000000+0000,84,27.5,4630227.118999999,384106.82950000005,I-84,OUTSIDE CITY LIMITS,BOX ELDER,1,false,false,false,false,false,true,false,false,false,false,false,true,false,true,true,false,false,false,false
10874997,2016-08-15T15:00:00.000000+0000,84,29.8,4629986.160999999,387783.5158,I-84,OUTSIDE CITY LIMITS,BOX ELDER,1,false,false,false,false,false,false,false,false,false,false,true,false,true,false,false,true,false,true,true
10891655,2016-10-14T08:25:00.000000+0000,84,8.815,4646247.874,360820.0074,I-84,OUTSIDE CITY LIMITS,BOX ELDER,1,false,false,false,false,false,false,false,false,false,false,true,true,false,true,false,true,false,false,true
10876922,2016-08-28T02:30:00.000000+0000,84,18.9,4638904.68,374226.34489999997,I-84,OUTSIDE CITY LIMITS,BOX ELDER,2,false,false,false,false,false,false,false,false,true,false,false,false,false,false,true,true,false,false,false
10886816,2016-10-05T11:53:00.000000+0000,1078,4.63,4616759.242000001,401044.1431,7160 W 10400 N,TREMONTON,BOX ELDER,3,false,false,false,false,false,false,false,false,false,false,false,false,false,false,false,false,false,false,false
10881693,2016-09-17T00:00:00.000000+0000,37712,0.1,4619357.334,401977.04819999996,909 W 675 N,TREMONTON,BOX ELDER,1,false,false,false,false,false,true,false,false,false,false,false,false,true,false,true,false,false,false,false
10880952,2016-09-14T09:00:00.000000+0000,10000,0.1,4623667.244,402892.0575,14200 N 6200 W,OUTSIDE CITY LIMITS,BOX ELDER,1,false,false,false,false,true,false,false,false,false,false,false,false,true,false,false,true,false,false,true
10892284,2016-09-24T17:23:00.000000+0000,15,396.2,4643925.0,402735.0,I-15,OUTSIDE CITY LIMITS,BOX ELDER,3,false,false,false,false,false,false,false,false,false,false,true,false,true,false,false,true,false,false,false
10878176,2016-09-06T07:00:00.000000+0000,84,0.05,4630598.864999999,382464.23540000006,I-84,HOWELL,BOX ELDER,1,false,false,false,false,false,false,false,false,false,false,false,true,false,false,false,true,false,false,true
10886399,2016-10-04T11:16:00.000000+0000,1126,0.94,4618344.7,402995.53,NORTH TREMONT,TREMONTON,BOX ELDER,1,false,false,false,false,false,false,false,true,false,false,false,false,true,false,false,false,false,false,false
10876915,2016-08-28T10:45:00.000000+0000,15,0.235,4615061.84,405070.83940000006,I-15,ELWOOD,BOX ELDER,3,false,false,false,true,false,false,false,false,false,false,true,false,false,true,false,true,false,false,true
10876916,2016-08-28T06:30:00.000000+0000,84,28.9,4630244.163999999,386358.6126,I-84,OUTSIDE CITY LIMITS,BOX ELDER,1,false,false,false,false,false,false,false,false,true,false,false,false,false,false,false,true,false,false,false
10897682,2016-11-12T22:40:00.000000+0000,32276,0.1,4615255.658999999,406242.0878,9600 N 4590 W,ELWOOD,BOX ELDER,1,false,false,false,false,false,false,false,false,true,false,false,false,false,false,true,true,false,false,false
10887953,2016-10-04T09:22:00.000000+0000,1064,2.557,4647224.0,358254.0,90 S STONE RD; FLYING J SNO,SNOWVILLE,BOX ELDER,1,false,false,false,false,false,false,false,false,false,false,false,false,false,false,false,false,false,false,false
10891014,2016-10-21T09:48:00.000000+0000,102,15.993,4618417.71,402553.1576999999,MAIN,TREMONTON,BOX ELDER,2,false,false,false,false,false,false,false,true,false,false,false,false,true,false,false,false,false,false,false
10887532,2016-09-23T13:25:00.000000+0000,84,27.905,4630301.273,384754.27650000004,I-84,OUTSIDE CITY LIMITS,BOX ELDER,1,false,false,false,false,false,false,false,false,false,false,false,false,false,false,false,true,false,false,true
10897268,2016-11-08T13:46:00.000000+0000,15,378.688155,4616733.122999999,402143.8122,I-15,TREMONTON,BOX ELDER,1,true,false,false,false,false,false,false,false,false,false,false,false,false,true,false,false,false,false,false
10897270,2016-11-05T19:45:00.000000+0000,15,379.419548,4617077.867,400871.0048,I-15,OUTSIDE CITY LIMITS,BOX ELDER,1,false,false,false,false,false,false,false,false,true,false,false,false,false,true,true,true,false,false,false
10897278,2016-11-04T05:55:00.000000+0000,15,388.3,4631330.0,402086.0,I-15,OUTSIDE CITY LIMITS,BOX ELDER,1,false,false,false,false,false,false,false,false,true,false,false,false,false,false,true,true,false,false,false
10894493,2016-10-28T20:00:00.000000+0000,15,385.6,4627030.558999999,402546.64079999994,I-15,OUTSIDE CITY LIMITS,BOX ELDER,1,false,false,false,false,false,false,false,false,false,false,false,false,true,false,true,true,false,false,true
10886551,2016-10-04T16:10:00.000000+0000,82,0.92,4619930.985,403336.80819999997,1450 S MAIN ST; BEAR RIVER HIG,GARLAND,BOX ELDER,1,false,false,false,false,false,false,false,true,false,false,false,false,true,false,false,false,false,false,false
10886562,2016-10-01T19:58:00.000000+0000,1135,1.002,4626531.38,403288.1044,6000 W,OUTSIDE CITY LIMITS,BOX ELDER,3,false,false,false,true,false,false,false,true,false,false,true,false,false,false,true,true,false,false,false
10885815,2016-09-22T17:00:00.000000+0000,15,398.438,4647346.0,401797.0,I-15,OUTSIDE CITY LIMITS,BOX ELDER,1,false,false,false,false,false,false,false,false,false,false,false,false,false,false,false,true,false,false,true
10885828,2016-09-22T17:02:00.000000+0000,15,400.486,4650440.348,400745.48300000007,I-15,OUTSIDE CITY LIMITS,BOX ELDER,1,false,false,false,false,false,false,false,false,false,false,false,false,false,false,false,true,false,false,true
10885852,2016-09-22T12:00:00.000000+0000,84,28.3,4630295.846,385393.0971,I-84,OUTSIDE CITY LIMITS,BOX ELDER,1,false,false,false,false,false,false,false,false,false,false,false,true,false,false,false,true,false,false,false
10885868,2016-09-29T06:39:00.000000+0000,15,381,4619916.0,400820.0,I-15,TREMONTON,BOX ELDER,1,false,false,false,false,false,false,false,false,false,false,false,false,false,false,true,true,false,false,false
10885870,2016-09-22T17:00:00.000000+0000,15,385.721,4627222.942000001,402527.5001,I-15,OUTSIDE CITY LIMITS,BOX ELDER,1,false,false,false,false,false,false,false,false,false,false,false,false,false,false,false,true,false,false,true
10885913,2016-09-28T15:09:00.000000+0000,82,0.92,4619931.074,403336.8075,1450 S MAIN ST; BRHS; NATATORI,GARLAND,BOX ELDER,1,false,false,false,false,false,false,false,false,false,false,false,false,true,false,false,false,false,false,false
10885922,2016-10-01T12:30:00.000000+0000,37712,0.1,4618386.208000001,403667.6076,WENDY WAY,TREMONTON,BOX ELDER,1,false,false,false,false,false,false,false,false,false,false,false,false,true,false,false,false,false,false,false
10910035,2016-12-18T19:03:00.000000+0000,84,16.2,4639242.831,370004.7422,I-84,OUTSIDE CITY LIMITS,BOX ELDER,1,false,false,false,false,false,false,false,false,true,false,false,false,false,false,true,true,false,false,false
10903548,2016-11-18T20:39:00.000000+0000,13,23.246,4623304.723999999,404531.2996000001,13600 N 5400 W,OUTSIDE CITY LIMITS,BOX ELDER,5,false,true,false,false,false,false,false,false,false,false,false,false,true,false,true,true,false,false,false
10907240,2016-12-14T08:42:00.000000+0000,1129,0.241,4620057.422,403742.90160000004,350 E 1400 S,GARLAND,BOX ELDER,1,false,false,false,false,false,false,false,true,false,false,false,false,true,false,false,false,false,false,false
10906990,2016-12-14T08:10:00.000000+0000,37712,0.1,4618870.25,402545.58920000005,350 N 400 W,TREMONTON,BOX ELDER,1,false,false,false,false,false,false,false,true,false,false,false,false,false,false,false,true,false,false,true
10908231,2016-12-17T21:36:00.000000+0000,102,15.17,4618393.45,401225.4579,1410 W MAIN,TREMONTON,BOX ELDER,1,false,false,false,false,false,false,false,false,false,false,false,false,true,false,true,false,false,false,false
10906290,2016-12-11T09:25:00.000000+0000,84,14.9,4640539.688,368534.33,I-84,OUTSIDE CITY LIMITS,BOX ELDER,3,false,false,false,false,false,false,false,false,false,false,true,false,false,false,false,true,false,false,true
10909076,2016-12-08T16:56:00.000000+0000,15,398.9,4647971.174,401362.5247,I-15,OUTSIDE CITY LIMITS,BOX ELDER,1,false,false,false,false,false,false,false,false,false,false,false,false,false,false,false,false,false,false,true
10909092,2016-12-14T16:05:00.000000+0000,15,399.3,4648580.058999999,401135.47330000007,I-15,OUTSIDE CITY LIMITS,BOX ELDER,1,false,false,false,false,false,false,false,false,false,false,false,false,false,false,false,true,false,false,true
10909096,2016-12-14T18:08:00.000000+0000,84,28.8,4630253.009,386198.1891,I-84,OUTSIDE CITY LIMITS,BOX ELDER,1,false,false,false,false,false,false,false,false,false,false,false,true,false,false,true,false,false,false,false
10909098,2016-12-14T19:36:00.000000+0000,15,390.9,4635410.377,402913.43860000005,I-15,OUTSIDE CITY LIMITS,BOX ELDER,1,false,false,false,false,false,false,false,false,false,false,false,false,true,false,true,true,false,false,true
10910825,2016-12-21T06:40:00.000000+0000,1142,0.98,4637816.544,401090.7295000001,7000 W 20800 N,OUTSIDE CITY LIMITS,BOX ELDER,1,false,false,false,false,false,false,false,true,false,false,false,false,false,false,true,false,false,false,true
10910300,2016-12-21T22:53:00.000000+0000,30,85.76,4647782.848999999,347073.19550000003,SR-30,OUTSIDE CITY LIMITS,BOX ELDER,1,false,false,false,false,false,false,false,false,false,false,false,false,true,false,true,true,false,true,true
10910303,2016-12-24T13:12:00.000000+0000,15,398.545,4647484.0,401693.0,I-15,OUTSIDE CITY LIMITS,BOX ELDER,3,false,false,false,false,false,false,false,false,false,false,true,false,false,false,false,true,false,false,true
10908469,2016-12-17T13:45:00.000000+0000,102,15.51,4618395.7360000005,401770.2809,MAIN,TREMONTON,BOX ELDER,1,false,false,false,false,false,false,false,true,false,false,false,false,false,true,false,false,false,false,false
10909070,2016-07-25T07:35:00.000000+0000,84,13,4641687.714,365707.78430000006,I-84,OUTSIDE CITY LIMITS,BOX ELDER,5,false,false,false,false,true,true,false,false,false,false,true,false,false,false,false,true,false,false,true
10905676,2016-11-26T21:31:00.000000+0000,81,1.006,4627413.81,407309.7209,SR-81,OUTSIDE CITY LIMITS,BOX ELDER,1,false,false,false,false,false,false,false,false,false,false,true,false,true,false,true,true,true,false,true
10905709,2016-11-28T08:19:00.000000+0000,84,28.4,4630287.165999999,385553.9772,I-84,OUTSIDE CITY LIMITS,BOX ELDER,1,false,false,false,false,false,false,false,false,false,false,true,true,false,false,false,true,false,false,false
10908941,2016-12-16T18:19:00.000000+0000,37712,0.1,4617607.658999999,402266.8752,600 S,TREMONTON,BOX ELDER,2,false,false,false,true,false,false,false,true,false,false,false,false,false,false,true,false,false,false,false
10909040,2016-12-15T04:30:00.000000+0000,30,90.5,4647415.654999999,354555.86079999997,SR-30,OUTSIDE CITY LIMITS,BOX ELDER,1,false,false,false,false,false,false,false,false,true,false,false,false,false,false,true,true,false,false,false
10909043,2016-12-20T08:05:00.000000+0000,13,27.295,4629743.839,404876.9989,SR-13,OUTSIDE CITY LIMITS,BOX ELDER,1,false,false,false,false,false,false,false,true,false,false,false,false,true,false,false,false,false,false,true
10906681,2016-12-13T07:52:00.000000+0000,102,17.19,4618455.9350000005,404475.4079,1200 E MAIN ST,TREMONTON,BOX ELDER,1,false,false,false,false,false,false,false,false,false,false,false,false,false,false,false,false,false,false,false
10810586,2016-01-13T23:44:00.000000+0000,15,394.1,4640557.0,402878.0,I-15,OUTSIDE CITY LIMITS,BOX ELDER,1,false,false,false,false,false,false,false,false,true,false,false,false,false,false,true,true,false,false,false
10810850,2016-01-18T09:08:00.000000+0000,1110,10.3,4618801.415,401747.8576,320 N 1000 W; FAIRGROUNDS; NOR,TREMONTON,BOX ELDER,1,false,false,false,false,false,false,false,false,false,false,false,false,true,false,false,true,false,false,true
10812668,2016-01-18T09:10:00.000000+0000,13,25.3,4626614.970000001,404492.0715,HWY 13,OUTSIDE CITY LIMITS,BOX ELDER,1,false,false,false,false,false,false,false,false,false,false,false,false,true,false,false,true,false,false,true
10814861,2016-01-19T02:00:00.000000+0000,84,26.1,4630950.431000001,382127.0257,I-84,HOWELL,BOX ELDER,1,false,false,false,false,false,false,false,false,false,false,false,false,false,false,true,false,false,false,false
10824755,2016-03-02T15:40:00.000000+0000,1126,1.185,4618741.327,402986.6969,220 N,TREMONTON,BOX ELDER,1,false,false,false,false,false,false,false,false,false,false,false,false,false,false,false,false,false,false,false
10824836,2016-03-03T10:54:00.000000+0000,37712,0.1,4618376.057,402241.3865,650 W 25 S,TREMONTON,BOX ELDER,1,false,false,false,false,false,false,false,false,false,false,false,false,true,false,false,false,false,false,false
10827153,2016-03-11T16:43:00.000000+0000,32815,0.1,4621566.265,403213.6004,100 S 100 W,GARLAND,BOX ELDER,1,false,false,false,false,false,false,false,true,false,false,false,false,false,false,false,false,false,false,false
10827651,2016-03-14T06:30:00.000000+0000,15,384.1,4624677.668999999,402139.4929,I-15,OUTSIDE CITY LIMITS,BOX ELDER,1,false,false,false,false,false,false,false,false,false,false,false,false,false,false,true,true,false,false,true
10827655,2016-03-06T18:03:00.000000+0000,15,398.7,4647692.0,401558.0,I-15,OUTSIDE CITY LIMITS,BOX ELDER,1,false,false,false,false,false,false,false,false,false,false,false,false,true,false,false,true,false,false,true
10830078,2016-02-18T11:45:00.000000+0000,13,24.9,4625970.108999999,404498.8325,SR-13,OUTSIDE CITY LIMITS,BOX ELDER,2,false,false,false,false,false,false,false,false,false,false,false,false,false,true,false,false,false,false,true
10848543,2016-05-19T18:13:00.000000+0000,82,0.486,4619237.092,403344.1705,600 N,TREMONTON,BOX ELDER,3,false,false,false,false,false,true,true,false,false,false,false,false,false,false,false,true,false,false,true
10850241,2016-05-25T17:19:00.000000+0000,102,16.23,4618427.95,402934.83340000006,50 W MAIN,TREMONTON,BOX ELDER,1,false,false,false,false,false,false,false,false,false,false,false,false,true,false,false,false,false,false,false
10855277,2016-06-09T05:18:00.000000+0000,84,26.012,4631054.858999999,382033.0308,I-84,HOWELL,BOX ELDER,5,false,false,false,false,true,false,false,false,false,false,true,false,false,true,false,true,true,true,true
10855919,2016-06-17T12:55:00.000000+0000,1126,1.076,4618562.152,402990.6139,TREMONT ST,TREMONTON,BOX ELDER,1,false,false,false,false,false,false,false,true,false,false,false,false,true,false,false,false,false,false,false
10858888,2016-06-17T13:31:00.000000+0000,15,380.1,4618468.0,400811.0,I-15,TREMONTON,BOX ELDER,1,false,false,false,false,false,false,false,false,false,false,false,true,false,false,false,false,false,false,false
10858892,2016-06-24T06:55:00.000000+0000,102,19.2,4618662.588,407695.66709999996,SR-102,OUTSIDE CITY LIMITS,BOX ELDER,1,false,false,false,false,false,false,false,false,true,false,false,false,false,false,false,true,false,false,false
10860065,2016-07-01T20:05:00.000000+0000,15,395.1,4642163.0,402854.0,I-15,OUTSIDE CITY LIMITS,BOX ELDER,1,false,false,false,false,false,false,false,false,true,false,false,false,false,false,false,true,false,false,false
10873274,2016-08-04T20:29:00.000000+0000,1130,6.569,4647880.042,401117.80199999997,"25800 N FRONTAGE RD, PORTAGE,",OUTSIDE CITY LIMITS,BOX ELDER,2,false,false,false,false,false,false,false,true,false,false,false,false,true,false,false,false,true,false,false
10873775,2016-08-16T21:27:00.000000+0000,15,391.1,4635730.0,402947.0,I-15,OUTSIDE CITY LIMITS,BOX ELDER,2,false,false,false,false,false,false,false,false,true,false,false,false,false,false,true,true,false,false,false
10873985,2016-08-12T13:05:00.000000+0000,102,18.9,4618572.499,407221.47920000006,SR-102,OUTSIDE CITY LIMITS,BOX ELDER,1,false,false,false,false,false,false,false,false,false,false,false,false,true,false,false,false,false,false,false
10882044,2016-09-07T21:50:00.000000+0000,84,31.5,4628950.3,390282.4,I-84,OUTSIDE CITY LIMITS,BOX ELDER,1,false,false,false,false,false,false,false,false,true,false,false,false,false,false,true,true,false,false,false
10882045,2016-09-07T22:00:00.000000+0000,15,379.321283,4616924.9,401016.46,I-15,TREMONTON,BOX ELDER,2,false,false,false,false,true,false,false,false,false,false,false,false,false,false,true,true,false,false,true
10882971,2016-09-16T11:41:00.000000+0000,102,14.844,4618386.706,400702.69,1855 W MAIN,TREMONTON,BOX ELDER,1,false,false,false,false,false,false,false,false,false,false,false,true,false,false,false,false,false,false,false
10891653,2016-10-16T19:30:00.000000+0000,15,400.02,4649723.676,400955.3873,I-15,OUTSIDE CITY LIMITS,BOX ELDER,1,false,false,false,false,false,false,false,false,false,false,false,false,false,false,true,true,false,false,true
10903107,2016-11-21T15:00:00.000000+0000,37712,0.1,4618300.852999999,403024.8525,100 SOUTH,TREMONTON,BOX ELDER,1,false,false,false,false,false,false,false,false,false,false,false,false,false,false,false,false,false,false,false
10917001,2016-12-24T19:40:00.000000+0000,15,385.185,4626371.291,402529.71640000003,I-15,OUTSIDE CITY LIMITS,BOX ELDER,1,false,false,false,false,false,false,false,false,false,false,false,false,false,false,true,true,false,false,true
10812109,2016-01-17T18:05:00.000000+0000,15,378.083246,4616235.875,402910.35719999997,I-15,OUTSIDE CITY LIMITS,BOX ELDER,3,false,false,false,false,false,false,false,false,false,false,false,false,false,false,true,false,false,false,false
10817863,2016-02-05T05:18:00.000000+0000,1138,2.46,4624916.859999999,404036.1791,5600 W 14400 N,OUTSIDE CITY LIMITS,BOX ELDER,1,false,false,false,false,false,false,false,false,false,true,false,false,false,false,true,true,false,false,false
10820477,2016-02-12T17:05:00.000000+0000,102,16.19,4618426.307,402871.0813,100 W MAIN ST,TREMONTON,BOX ELDER,1,false,false,false,false,false,false,false,true,false,false,false,false,false,false,false,false,false,false,false
10827128,2016-02-26T19:30:00.000000+0000,13,32.41,4637684.374,403814.25930000003,HWY 13,OUTSIDE CITY LIMITS,BOX ELDER,1,false,false,false,false,false,false,false,false,true,false,false,false,false,true,true,true,false,false,false
10839577,2016-04-14T11:30:00.000000+0000,15,398.5,4647425.0,401737.0,I-15,OUTSIDE CITY LIMITS,BOX ELDER,1,false,false,false,false,false,false,false,false,false,false,false,false,false,false,false,true,false,false,true
10850456,2016-05-19T19:40:00.000000+0000,15,397.9,4646602.941000001,402170.5432,I-15,OUTSIDE CITY LIMITS,BOX ELDER,1,false,false,false,false,false,false,false,false,false,false,false,false,false,false,false,true,false,false,true
10855126,2016-06-12T09:40:00.000000+0000,84,9.885,4644997.909,361981.95,I-84,OUTSIDE CITY LIMITS,BOX ELDER,1,false,false,false,false,false,false,false,false,false,false,false,false,false,false,false,false,false,false,true
10856332,2016-05-27T00:06:00.000000+0000,84,11.9,4642777.991,364314.30779999995,I-84,OUTSIDE CITY LIMITS,BOX ELDER,1,false,false,false,false,false,true,false,false,false,true,false,true,false,false,true,true,false,false,false
10873926,2016-08-19T07:20:00.000000+0000,15,396.3,4644085.067,402671.82,I-15,OUTSIDE CITY LIMITS,BOX ELDER,1,false,false,false,false,false,false,false,false,false,false,false,false,false,false,false,true,false,true,true
10875393,2016-08-25T08:25:00.000000+0000,84,21.2,4637379.502,377584.6379,I-84,OUTSIDE CITY LIMITS,BOX ELDER,1,false,false,false,false,false,false,false,false,false,false,false,false,false,true,false,true,false,false,true
10877449,2016-08-28T06:10:00.000000+0000,84,26,4631051.983,382000.2,I-84,HOWELL,BOX ELDER,1,false,false,false,false,false,false,false,false,true,false,false,false,false,true,true,true,false,false,false
10879618,2016-09-01T15:17:00.000000+0000,30000,0.1,4632986.758,403200.5169,5400 W 18400 N,OUTSIDE CITY LIMITS,BOX ELDER,1,false,false,false,false,false,true,false,false,false,false,false,false,false,false,false,true,false,false,false
10881941,2016-09-19T23:47:00.000000+0000,1132,1.79,4623423.628999999,406347.54069999995,13600 N EAST GARLAND RD; N 440,OUTSIDE CITY LIMITS,BOX ELDER,1,false,false,false,false,false,false,false,false,false,false,false,false,true,false,true,true,false,false,true
10891740,2016-10-16T22:00:00.000000+0000,15,400.02,4649722.71,400955.5998,I-15,OUTSIDE CITY LIMITS,BOX ELDER,1,false,false,false,false,false,false,false,false,false,false,false,false,true,false,true,false,false,false,false
10891741,2016-10-23T19:53:00.000000+0000,13,27.313,4629772.991,404876.1034,HWY 13,OUTSIDE CITY LIMITS,BOX ELDER,2,false,false,false,false,false,true,false,true,false,false,false,false,true,false,true,false,false,false,false
10893645,2016-11-01T03:43:00.000000+0000,30,93.44,4626567.198999999,406975.2186,4200 W HWY 30,OUTSIDE CITY LIMITS,BOX ELDER,1,false,false,false,false,false,false,false,false,true,true,false,false,true,false,true,true,false,false,false
10896444,2016-11-09T18:04:00.000000+0000,37712,0.1,4618385.507,403717.11,553 E WENDY WAY,TREMONTON,BOX ELDER,3,false,false,false,false,false,false,false,true,false,false,false,false,false,false,true,false,false,false,false
10897275,2016-11-04T22:52:00.000000+0000,30,87,4647760.356,349067.14489999996,SR-30,OUTSIDE CITY LIMITS,BOX ELDER,1,false,false,false,false,false,false,false,false,false,true,false,false,false,false,true,true,false,false,false
10905685,2016-11-05T22:55:00.000000+0000,84,0.066,4618429.8209999995,399488.18069999997,I-15,OUTSIDE CITY LIMITS,BOX ELDER,1,false,false,false,false,false,false,false,false,false,false,false,false,true,false,true,true,false,false,true
10906251,2016-12-04T20:30:00.000000+0000,15,376.992583,4615297.0,404390.0,I-15,ELWOOD,BOX ELDER,2,false,false,false,false,false,false,false,false,true,false,false,false,false,false,true,true,false,false,false
10906289,2016-12-11T13:09:00.000000+0000,84,16.294,4639259.319999999,370152.20540000004,I-84,OUTSIDE CITY LIMITS,BOX ELDER,1,false,false,false,false,false,false,false,false,false,false,false,true,false,false,false,false,false,false,false
10910302,2016-12-24T19:07:00.000000+0000,84,5.9,4646948.948000001,356272.596,I-84,OUTSIDE CITY LIMITS,BOX ELDER,1,false,false,false,false,false,false,false,false,false,false,false,false,false,false,true,true,false,false,true
10917000,2016-12-24T00:52:00.000000+0000,15,379.419775,4617078.289,400870.7413,I-15,OUTSIDE CITY LIMITS,BOX ELDER,1,false,false,false,false,false,false,false,false,false,false,false,false,false,false,true,true,false,false,true
10807421,2016-01-06T08:17:00.000000+0000,1122,5.5,4615229.796,404190.4522,5600 W 9600 N,ELWOOD,BOX ELDER,1,true,false,false,false,false,false,false,true,false,false,true,false,false,false,false,true,false,false,false
10809207,2016-01-11T15:00:00.000000+0000,32815,0.1,4619844.424,403357.53390000004,1500 S,GARLAND,BOX ELDER,1,false,false,false,false,false,false,false,false,false,false,false,false,true,false,false,false,false,false,false
10812120,2016-01-19T06:05:00.000000+0000,15,393.6,4639754.0,402890.0,I-15,OUTSIDE CITY LIMITS,BOX ELDER,1,false,false,false,false,false,false,false,false,false,false,true,false,true,false,true,true,false,false,true
10816199,2016-01-28T22:07:00.000000+0000,84,29.3,4630180.45,387001.95,I-84,OUTSIDE CITY LIMITS,BOX ELDER,3,false,false,false,false,false,false,false,false,false,false,true,false,false,false,true,true,false,false,true
10828574,2016-03-17T21:06:00.000000+0000,1110,10.38,4618931.5,401746.3512,400 N 1000 W,TREMONTON,BOX ELDER,1,false,false,false,false,false,false,false,false,false,true,false,false,false,false,true,true,false,false,false
10829362,2016-03-15T18:33:00.000000+0000,15,383.3,4623452.6049999995,401758.4498,I-15,OUTSIDE CITY LIMITS,BOX ELDER,1,false,false,false,false,false,false,false,false,false,false,false,false,false,false,false,true,false,false,true
10832721,2016-03-16T05:20:00.000000+0000,15,379.419548,4617077.867,400871.0048,I-15,OUTSIDE CITY LIMITS,BOX ELDER,1,false,false,false,false,false,false,false,false,false,false,false,false,false,false,true,true,false,false,true
10835214,2016-04-06T14:40:00.000000+0000,82,1.928,4621558.722999999,403323.262,100 S MAIN,GARLAND,BOX ELDER,1,false,false,false,false,false,false,false,false,false,false,false,false,true,false,false,true,false,false,true
10842851,2016-04-26T21:34:00.000000+0000,13,26.1,4627854.084,404711.4689,SR-13,OUTSIDE CITY LIMITS,BOX ELDER,2,false,false,false,false,false,false,false,false,false,true,false,false,false,false,true,true,false,false,false
10855129,2016-06-10T04:22:00.000000+0000,15,380.4,4618950.0,400814.0,I-15,TREMONTON,BOX ELDER,2,false,false,false,false,false,false,false,false,true,false,false,false,false,false,true,true,false,false,false
10855142,2016-06-09T21:29:00.000000+0000,84,16.145,4639243.78,369917.9378,I-84,OUTSIDE CITY LIMITS,BOX ELDER,1,false,false,false,false,true,false,false,false,false,false,false,false,true,false,true,true,false,true,true
10856337,2016-05-27T00:05:00.000000+0000,84,11.9,4642777.991,364314.30779999995,I-84,OUTSIDE CITY LIMITS,BOX ELDER,1,false,false,false,false,true,false,false,false,false,true,false,true,false,false,true,true,false,false,false
10856953,2016-06-08T17:32:00.000000+0000,15,0.22,4615042.8,405097.7,I15 NB X376 OFF,ELWOOD,BOX ELDER,1,false,false,false,false,false,false,false,true,false,false,false,false,false,false,false,false,false,false,false
10859613,2016-06-22T05:04:00.000000+0000,83,22,4618563.9860000005,379220.8476,11658 N SR 83; MP22.5 SR 83,OUTSIDE CITY LIMITS,BOX ELDER,1,false,false,false,false,false,false,false,false,true,false,false,false,false,false,true,true,false,false,false
10860048,2016-06-26T21:03:00.000000+0000,84,17.6,4639549.333,372237.92220000003,I-84,OUTSIDE CITY LIMITS,BOX ELDER,1,false,false,false,false,false,false,false,false,true,false,false,false,false,false,false,true,false,false,false
10860052,2016-06-29T11:25:00.000000+0000,102,13.4,4618356.193999999,398379.5123,SR-102,OUTSIDE CITY LIMITS,BOX ELDER,1,false,false,false,false,false,false,false,false,false,false,false,false,false,false,false,true,false,true,true
10862433,2016-07-06T08:54:00.000000+0000,1135,0.127,4625118.967,403297.8348,14525 N 6000 W; TO THE SOUTH,OUTSIDE CITY LIMITS,BOX ELDER,1,false,false,false,false,false,false,false,false,false,false,false,false,true,false,false,true,false,false,true
10882042,2016-09-07T15:25:00.000000+0000,84,25.6,4631602.555,381664.6692,I-84,OUTSIDE CITY LIMITS,BOX ELDER,1,false,false,false,false,false,false,false,false,false,false,true,false,false,true,false,true,false,false,true
10883724,2016-09-20T16:45:00.000000+0000,1078,2.227,4616698.7129999995,397177.57279999997,9080 W 10400 N,OUTSIDE CITY LIMITS,BOX ELDER,1,false,false,false,false,false,false,false,false,false,false,false,false,false,true,false,false,false,false,false
10885908,2016-09-22T11:40:00.000000+0000,84,30.5,4629479.7129999995,388784.07540000003,I-84,OUTSIDE CITY LIMITS,BOX ELDER,1,false,false,false,false,false,false,false,false,false,false,false,false,false,true,false,true,false,false,true
10888033,2016-10-08T00:31:00.000000+0000,37712,0.1,4619078.124999999,403144.5692,500 N,TREMONTON,BOX ELDER,3,false,false,false,false,false,false,true,false,false,false,false,false,false,false,true,true,false,false,true
10891747,2016-10-18T15:10:00.000000+0000,15,384.7,4625608.308,402375.3454,I-15,OUTSIDE CITY LIMITS,BOX ELDER,1,false,false,false,false,false,false,false,false,false,false,false,false,true,false,false,true,false,false,true
10901651,2016-11-23T12:59:00.000000+0000,1138,0.015,4621704.704,403322.0776,10 N MAIN ST,GARLAND,BOX ELDER,1,false,false,false,false,false,false,false,false,false,false,false,false,false,false,false,true,false,false,false
10903537,2016-11-29T07:40:00.000000+0000,37712,0.1,4619282.228999999,405771.35689999996,4800 W 11600 N,OUTSIDE CITY LIMITS,BOX ELDER,2,false,false,false,false,false,false,false,true,false,false,true,true,false,false,false,false,false,false,false
10903550,2016-11-30T20:00:00.000000+0000,1130,3.65,4643591.92,402678.90940000006,6300 W,OUTSIDE CITY LIMITS,BOX ELDER,1,false,false,false,false,false,false,false,false,true,false,false,false,false,false,true,true,false,false,false
10905702,2016-11-15T15:45:00.000000+0000,30,93.6,4626535.78,407228.3,HWY 30,OUTSIDE CITY LIMITS,BOX ELDER,1,false,false,false,false,false,false,false,false,true,false,false,true,false,false,false,true,false,false,false
10911337,2016-12-23T04:45:00.000000+0000,102,19.193,4618660.563999999,407685.139,SR-102,OUTSIDE CITY LIMITS,BOX ELDER,1,false,false,false,false,false,false,false,false,true,false,false,false,false,false,true,true,false,false,false
10806931,2016-01-04T08:07:00.000000+0000,37712,0.1,4617876.473,402885.5501,100 W,TREMONTON,BOX ELDER,1,false,false,false,false,false,false,false,true,false,false,false,false,false,false,false,false,false,false,false
10808653,2016-01-06T07:34:00.000000+0000,1132,1.49,4623018.4229999995,406114.438,13400 N EAST GARLAND RD; N 440,OUTSIDE CITY LIMITS,BOX ELDER,1,false,false,false,false,false,false,false,false,false,false,false,false,false,false,false,true,false,false,true
10810238,2016-01-01T03:54:00.000000+0000,15,377.190438,4615476.0,404125.0,I-15,ELWOOD,BOX ELDER,1,false,false,false,false,false,false,false,false,false,false,false,false,false,false,true,true,false,false,true
10812122,2016-01-18T09:02:00.000000+0000,15,390.492,4634758.0,402899.0,I-15,OUTSIDE CITY LIMITS,BOX ELDER,3,false,false,false,false,false,false,false,false,false,false,false,false,false,false,false,true,false,false,true
10812567,2016-01-22T14:45:00.000000+0000,37712,0.1,4619440.024999999,403023.12340000004,50 E 700 N,TREMONTON,BOX ELDER,1,false,false,false,false,false,false,false,false,false,false,false,false,false,false,false,false,false,false,false
10817557,2016-02-05T22:35:00.000000+0000,1110,10.051,4618395.938000001,401749.6915,SR-102,TREMONTON,BOX ELDER,1,false,false,false,false,false,false,false,true,false,false,false,false,true,false,true,false,false,false,false
10818435,2016-01-30T17:30:00.000000+0000,84,31.3,4629034.712,389967.6765,I-84,OUTSIDE CITY LIMITS,BOX ELDER,1,false,false,false,false,false,false,false,false,false,false,false,false,false,true,false,false,false,false,false
10819127,2016-02-10T07:46:00.000000+0000,13,18.06,4615058.322,405011.6,SR 13,ELWOOD,BOX ELDER,1,false,false,false,false,false,true,false,false,false,false,false,false,false,false,false,false,false,false,false
10824583,2016-02-17T11:04:00.000000+0000,37712,0.1,4618854.182,400007.58900000004,2400 WEST 450 NORTH,TREMONTON,BOX ELDER,1,false,false,false,false,false,false,false,false,false,false,false,false,false,false,false,true,false,false,true
10837793,2016-04-12T06:00:00.000000+0000,84,11.2,4643446.286,363407.46560000005,I-84,OUTSIDE CITY LIMITS,BOX ELDER,1,false,false,false,false,false,false,false,false,true,false,false,true,false,false,true,true,false,false,false
10838787,2016-04-01T19:30:00.000000+0000,102,12.491,4618321.892,396915.10699999996,SR-102,OUTSIDE CITY LIMITS,BOX ELDER,1,false,false,false,false,false,false,false,true,false,false,false,true,true,false,false,false,false,false,false
10847607,2016-04-25T15:05:00.000000+0000,15,398.5,4647425.0,401737.0,I-15,OUTSIDE CITY LIMITS,BOX ELDER,1,false,false,false,false,false,false,false,false,false,false,true,false,false,false,false,true,false,false,true
10853776,2016-06-09T17:11:00.000000+0000,1068,6.55,4618132.362,390279.5435,W FAUST VALLEY DR;WALLACE LANE,OUTSIDE CITY LIMITS,BOX ELDER,1,false,false,false,false,false,false,false,false,true,false,false,false,false,false,false,true,false,false,false
10855119,2016-05-25T13:40:00.000000+0000,15,399.607,4649071.181,401039.28410000005,I-15,OUTSIDE CITY LIMITS,BOX ELDER,5,false,true,false,false,false,false,false,false,false,false,false,false,false,true,false,true,false,false,true
10855134,2016-06-13T07:26:00.000000+0000,84,37.96,4621093.036,395955.10089999996,I-84,OUTSIDE CITY LIMITS,BOX ELDER,3,false,false,false,false,false,false,false,false,false,false,true,false,false,false,false,true,false,true,true
10857692,2016-06-24T07:45:00.000000+0000,82,1.76,4621287.339,403325.3799,336 SOUTH MAIN,GARLAND,BOX ELDER,1,false,false,false,false,false,false,false,false,false,false,false,false,false,true,false,false,false,false,false
10863334,2016-07-06T20:45:00.000000+0000,1133,1.366,4629783.0,407084.6596,110 W MAIN ST,FIELDING,BOX ELDER,1,false,false,false,false,false,false,false,false,false,false,false,false,true,false,false,false,true,false,false
10864226,2016-07-13T08:00:00.000000+0000,1135,1.001,4626529.536,403288.13960000005,SR-30,OUTSIDE CITY LIMITS,BOX ELDER,2,false,false,false,false,false,false,false,true,false,false,false,false,true,false,false,false,false,false,false
10865793,2016-07-19T23:30:00.000000+0000,30,92.4,4626557.322999999,405296.50960000005,HWY 30,OUTSIDE CITY LIMITS,BOX ELDER,1,false,false,false,false,false,false,false,false,false,false,true,false,true,false,true,true,false,false,true
10870067,2016-07-18T11:15:00.000000+0000,13,18.173,4615241.39,405009.8849,W 9600 N,ELWOOD,BOX ELDER,1,false,false,false,false,false,false,false,true,false,false,false,true,false,false,false,false,false,false,false
10871028,2016-08-06T12:20:00.000000+0000,1110,9.551,4617588.859999999,401759.9073,"600 S 1000 W,TREMONTON,UT,8433",TREMONTON,BOX ELDER,1,false,false,false,false,false,false,false,false,false,false,false,false,true,false,false,false,false,false,false
10876110,2016-08-28T13:00:00.000000+0000,82,0.555,4619345.524999999,403343.02440000005,650 N 300 E,TREMONTON,BOX ELDER,1,false,false,false,false,false,false,false,false,false,false,false,false,true,false,false,false,false,false,false
10877448,2016-09-01T06:40:00.000000+0000,13,22.7,4622422.956,404557.6382,SR-13,OUTSIDE CITY LIMITS,BOX ELDER,1,false,false,false,false,false,false,false,false,true,false,false,false,false,false,false,true,false,false,false
10882054,2016-09-10T20:00:00.000000+0000,84,16,4639277.9229999995,369695.5721,I-84,OUTSIDE CITY LIMITS,BOX ELDER,3,false,false,false,false,false,false,false,false,false,false,false,false,false,false,true,true,true,false,true
10883649,2016-09-23T13:04:00.000000+0000,102,10,4617536.719,393669.23970000003,SR-102,OUTSIDE CITY LIMITS,BOX ELDER,1,false,false,false,false,false,false,false,false,false,false,false,false,false,true,false,true,false,false,true
10885805,2016-09-30T08:14:00.000000+0000,82,2.815,4621856.767,404511.6911,12875 N 5400 W,OUTSIDE CITY LIMITS,BOX ELDER,2,false,false,false,false,false,false,false,false,false,false,false,false,false,true,false,false,false,false,true
10893233,2016-10-27T12:37:00.000000+0000,1129,0.35,4620057.6049999995,403917.13060000003,479 E 1400 S,GARLAND,BOX ELDER,1,false,false,false,false,false,false,false,false,false,false,false,false,false,true,false,true,false,false,true
10894527,2016-11-01T11:15:00.000000+0000,84,0.069,4618420.381,399493.6205,I-15,OUTSIDE CITY LIMITS,BOX ELDER,1,false,false,false,false,false,false,false,false,false,false,false,false,false,false,false,true,false,false,true
10901010,2016-11-18T19:20:00.000000+0000,30,94,4626341.754,407844.49140000006,SR-30,OUTSIDE CITY LIMITS,BOX ELDER,1,false,false,false,false,false,false,false,false,true,false,false,false,false,false,true,true,false,false,false
10901611,2016-11-20T11:31:00.000000+0000,84,34,4627038.047,393776.86179999996,"34500 I84 WB, BOTHWELL, UT, 84",OUTSIDE CITY LIMITS,BOX ELDER,1,false,false,false,false,false,true,false,false,false,false,false,true,false,false,false,false,false,false,true
10905669,2016-11-28T08:20:00.000000+0000,15,384.9,4625921.979,402446.49850000005,I-15,OUTSIDE CITY LIMITS,BOX ELDER,3,false,false,false,false,false,false,false,false,false,false,false,true,false,true,false,false,false,false,false
10907329,2016-12-14T08:00:00.000000+0000,1110,8.3,4615574.415,401784.10219999996,9790 N 6800 W,OUTSIDE CITY LIMITS,BOX ELDER,2,false,false,false,false,false,false,false,false,false,false,false,false,false,false,true,true,false,true,true
10912843,2016-12-31T12:46:00.000000+0000,37712,0.1,4619108.467,402223.10219999996,699 W 500 N,TREMONTON,BOX ELDER,1,false,false,false,false,false,false,false,false,false,false,false,false,false,false,false,false,false,false,false
10806905,2016-01-05T11:41:00.000000+0000,1127,1.39,4619992.581,399998.0701,2400 W,TREMONTON,BOX ELDER,2,false,false,false,false,false,false,false,false,false,false,true,false,true,false,false,true,false,false,true
10812113,2016-01-20T12:40:00.000000+0000,84,26.5,4630512.324999999,382598.7148,I-84,HOWELL,BOX ELDER,1,false,false,false,false,false,false,false,false,false,false,false,false,false,false,false,false,false,true,false
10812664,2016-01-23T08:44:00.000000+0000,84,0.7,4650449.426,348835.1938,I-84,OUTSIDE CITY LIMITS,BOX ELDER,3,false,false,false,false,false,true,false,false,false,false,true,true,false,false,false,true,false,true,true
10817891,2016-01-19T02:00:00.000000+0000,84,26.1,4630950.431000001,382127.0257,I-84,HOWELL,BOX ELDER,1,false,false,false,false,false,false,false,false,false,false,false,true,false,false,true,false,false,false,false
10817972,2016-01-25T13:17:00.000000+0000,1140,1.936,4632917.266,406467.9088,18395 N 4400 W,OUTSIDE CITY LIMITS,BOX ELDER,1,false,false,false,false,false,false,false,false,false,false,false,false,false,false,false,false,false,false,false
10818432,2016-02-01T07:37:00.000000+0000,15,377.289453,4615565.0,403993.0,I-15,ELWOOD,BOX ELDER,1,false,false,false,false,false,false,false,false,false,false,false,false,false,false,false,true,false,false,true
10818436,2016-01-30T16:10:00.000000+0000,15,388.9,4632277.0,402267.0,I-15,OUTSIDE CITY LIMITS,BOX ELDER,1,false,false,false,false,false,false,false,false,false,false,true,false,false,false,false,true,false,false,true
10829363,2016-03-11T17:58:00.000000+0000,13,18.173,4615240.268999999,405009.89300000004,SR-13,ELWOOD,BOX ELDER,3,false,false,false,false,false,false,false,true,false,false,false,false,true,false,false,false,false,false,false
10833241,2016-03-30T22:41:00.000000+0000,15,382.8,4622702.0,401488.0,I-15,OUTSIDE CITY LIMITS,BOX ELDER,2,false,false,false,false,false,false,false,false,false,false,false,false,false,false,true,true,false,false,true
10838492,2016-04-12T06:03:00.000000+0000,84,11.4,4643251.35,363662.33440000005,I-84,OUTSIDE CITY LIMITS,BOX ELDER,4,false,false,false,false,false,false,false,false,false,false,true,false,false,false,true,true,false,false,false
10842708,2016-04-30T11:50:00.000000+0000,82,1.055,4620147.818999999,403335.70300000004,MAIN,GARLAND,BOX ELDER,1,false,false,false,false,false,false,false,false,false,false,false,false,true,false,false,true,false,false,true
10845281,2016-05-07T09:39:00.000000+0000,32815,0.1,4620460.497,402903.6075,350 W 1025 S,GARLAND,BOX ELDER,1,false,false,false,false,false,false,false,false,false,false,false,false,false,false,false,true,false,false,true
10846829,2016-05-07T21:47:00.000000+0000,84,16.1,4639250.098,369847.807,I-84,OUTSIDE CITY LIMITS,BOX ELDER,1,false,false,false,false,false,false,false,false,false,false,true,false,false,false,true,true,false,false,true
10846864,2016-05-13T16:07:00.000000+0000,32815,0.1,4620498.956,403026.3142,260 W 1025 S,GARLAND,BOX ELDER,1,false,false,false,false,false,false,false,false,false,false,false,false,false,false,false,false,false,false,false
10847939,2016-05-14T00:00:00.000000+0000,82,0.01,4618453.848999999,403354.06330000004,300 E MAIN ST,TREMONTON,BOX ELDER,1,false,false,false,false,false,false,false,true,false,false,false,false,true,true,true,false,false,false,false
10853028,2016-05-18T09:30:00.000000+0000,84,38,4621038.568999999,395990.7261,I-84,OUTSIDE CITY LIMITS,BOX ELDER,1,false,false,false,false,false,false,false,false,false,false,false,false,false,true,false,true,false,false,false
10853030,2016-06-02T09:36:00.000000+0000,15,378.743678,4616766.583,402066.42620000005,I-15,TREMONTON,BOX ELDER,1,false,false,false,false,false,false,false,false,false,false,false,false,true,false,false,true,false,false,true
10854728,2016-06-14T05:00:00.000000+0000,1127,0.93,4619982.623999999,399256.06169999996,1000 N,TREMONTON,BOX ELDER,1,false,false,false,false,false,false,false,false,true,false,false,false,false,false,true,true,false,false,false
10856338,2016-05-27T00:10:00.000000+0000,84,11.9,4642777.991,364314.30779999995,I-84,OUTSIDE CITY LIMITS,BOX ELDER,1,false,false,false,false,false,false,false,false,false,true,false,true,false,false,true,true,false,false,false
10861889,2016-07-09T14:45:00.000000+0000,82,1.934,4621568.873,403323.19940000004,MAIN,GARLAND,BOX ELDER,1,false,false,false,false,false,false,false,true,false,false,false,false,false,true,false,false,false,false,true
10868622,2016-07-30T18:14:00.000000+0000,1132,1.95,4623658.430000001,406457.8283,13785 N 4400 W,OUTSIDE CITY LIMITS,BOX ELDER,3,false,false,false,false,false,false,false,false,false,false,false,false,false,false,false,true,false,false,true
10877845,2016-09-03T18:36:00.000000+0000,15,378.653112,4616708.606,402190.47450000007,I-15,TREMONTON,BOX ELDER,1,false,false,false,false,false,false,false,false,false,false,false,false,false,false,false,true,false,true,true
10878259,2016-08-19T20:21:00.000000+0000,15,0.234,4615060.358,405074.3694,I-15 OFF RAMP,ELWOOD,BOX ELDER,1,false,false,false,false,false,false,false,true,false,false,false,false,false,false,false,false,false,false,false
10884766,2016-09-21T04:50:00.000000+0000,15,383.1,4623150.011,401663.5289,I-15,OUTSIDE CITY LIMITS,BOX ELDER,3,false,false,false,false,false,false,false,false,false,false,false,false,false,false,true,true,true,false,true
10891731,2016-10-07T21:05:00.000000+0000,84,0.091,4647476.913,354479.3863,I-84,OUTSIDE CITY LIMITS,BOX ELDER,1,false,false,false,false,false,false,false,false,false,false,false,false,true,false,true,true,false,false,true
10906920,2016-12-07T12:10:00.000000+0000,1118,0.06,4629784.587,407390.6311,50 E MAIN ST,FIELDING,BOX ELDER,1,false,false,false,false,false,false,false,false,false,false,false,false,false,true,false,false,false,false,false
10906970,2016-12-14T09:09:00.000000+0000,37712,0.1,4618870.176,402545.3265,350 N 400 W,TREMONTON,BOX ELDER,1,false,false,false,false,false,false,false,true,false,false,false,false,true,false,false,false,false,false,false
10909090,2016-12-14T15:25:00.000000+0000,15,385.5,4626871.719,402554.26420000003,I-15,OUTSIDE CITY LIMITS,BOX ELDER,1,false,false,false,false,false,false,false,false,false,false,false,false,false,false,false,true,false,false,true
10909412,2016-12-10T08:35:00.000000+0000,84,21.47,4637091.915,377911.5961,I-84,OUTSIDE CITY LIMITS,BOX ELDER,1,false,false,false,false,false,false,false,false,false,false,false,false,false,false,false,true,false,false,true
10910298,2016-12-24T14:00:00.000000+0000,15,387.7,4630365.0,402040.0,I-15,OUTSIDE CITY LIMITS,BOX ELDER,1,false,false,false,false,false,false,false,false,false,false,false,false,false,false,false,true,false,false,true
10808418,2016-01-04T11:05:00.000000+0000,15,378.759595,4616774.211,402043.86960000003,I-15,TREMONTON,BOX ELDER,1,false,false,false,false,false,false,false,false,false,false,false,false,false,true,false,false,false,false,false
10806009,2016-01-02T06:50:00.000000+0000,1130,3.575,4643472.0,402702.0,"W 23600 N; FRONTAGE RD, WEST O",OUTSIDE CITY LIMITS,BOX ELDER,1,false,false,false,false,false,false,false,false,false,false,false,false,false,false,true,true,false,false,true
10815610,2016-01-31T11:09:00.000000+0000,1126,0.981,4618409.636,402995.1241,1 W MAIN ST; DOMINOS PIZZA TRE,TREMONTON,BOX ELDER,1,false,false,false,false,false,true,false,true,false,false,false,false,false,false,false,false,false,false,false
10837780,2016-04-09T20:58:00.000000+0000,1124,3.405,4617410.576,406456.48010000004,10700 N 4400 W; PETERSON PARK,ELWOOD,BOX ELDER,3,false,false,false,false,false,false,false,false,false,false,false,false,true,false,true,true,false,false,true
10830107,2016-03-19T15:56:00.000000+0000,84,19.4,4638590.970000001,374968.4624,I-84,OUTSIDE CITY LIMITS,BOX ELDER,1,false,false,false,false,false,false,false,false,false,false,true,false,false,false,false,true,false,false,true
10821878,2016-02-23T07:29:00.000000+0000,82,0.993,4620048.465,403336.00950000004,1400 SOUTH MAIN,GARLAND,BOX ELDER,1,false,false,false,false,false,false,false,true,false,false,false,false,true,false,false,false,false,false,false
10835098,2016-04-01T06:00:00.000000+0000,30000,0.1,4634631.865999999,407272.97940000007,4000 W 19200 N,OUTSIDE CITY LIMITS,BOX ELDER,1,false,false,false,false,false,false,false,false,false,true,false,false,false,false,true,true,false,false,false
10827256,2016-03-07T15:51:00.000000+0000,13,26.79,4628928.108999999,404888.26060000004,HWY 13,OUTSIDE CITY LIMITS,BOX ELDER,3,false,false,false,false,false,false,false,false,false,false,false,false,false,false,false,false,true,false,false
10864801,2016-07-10T16:56:00.000000+0000,84,0.063,4618438.346,399482.5889,I-84,OUTSIDE CITY LIMITS,BOX ELDER,1,false,false,false,false,false,false,false,false,false,false,true,false,false,false,false,true,false,false,true
10846583,2016-05-05T17:50:00.000000+0000,1078,4.085,4616747.42,400167.42610000004,7600 W 10400 N; W ROCKET RD,OUTSIDE CITY LIMITS,BOX ELDER,1,false,false,false,false,false,false,false,true,false,false,false,true,false,false,false,false,false,false,false
10853013,2016-06-02T15:45:00.000000+0000,84,16.2,4639242.822999999,370004.37269999995,I-84,OUTSIDE CITY LIMITS,BOX ELDER,2,false,false,false,false,false,false,false,false,false,false,true,false,false,false,false,true,false,false,false
10866720,2016-07-22T06:48:00.000000+0000,102,14.316,4618373.592,399855.1292,SR-102,OUTSIDE CITY LIMITS,BOX ELDER,2,false,false,false,false,false,false,false,true,false,false,false,false,false,true,false,false,false,false,false
10868681,2016-07-26T17:58:00.000000+0000,84,28.8,4630230.8889999995,386196.8492,I-84,OUTSIDE CITY LIMITS,BOX ELDER,1,false,false,false,false,false,false,false,false,false,false,false,true,false,false,false,false,false,false,false
10848524,2016-05-12T23:57:00.000000+0000,32815,0.1,4620157.475000001,403435.46150000003,107 E 1300 S,GARLAND,BOX ELDER,1,false,false,false,false,false,true,false,false,false,false,false,false,false,false,true,false,true,false,false
10873943,2016-08-18T16:58:00.000000+0000,102,14.458,4618376.4229999995,400083.67889999994,"2302 W MAIN, MCDONALDS",TREMONTON,BOX ELDER,1,false,false,false,false,false,false,false,true,false,false,false,false,false,false,false,false,false,false,false
10866963,2016-07-24T07:05:00.000000+0000,36126,0.1,4637827.301,405663.57550000004,SHORT DIVID,OUTSIDE CITY LIMITS,BOX ELDER,1,false,false,false,false,false,false,false,false,true,false,false,false,false,false,false,true,false,false,false
10891567,2016-10-23T19:30:00.000000+0000,1078,2.055,4616692.015,396901.653,10400 N 9200 W,OUTSIDE CITY LIMITS,BOX ELDER,1,false,false,false,false,false,false,false,false,false,false,false,false,true,false,false,true,false,false,true
10891627,2016-10-23T16:40:00.000000+0000,1110,9.552,4617589.546,401759.9013,600 S 1000 W,TREMONTON,BOX ELDER,2,false,false,false,false,false,false,true,true,false,false,false,false,false,false,false,false,false,false,false
10889544,2016-10-14T12:32:00.000000+0000,32815,0.1,4620271.608,403834.25289999996,1224 S 400 E,GARLAND,BOX ELDER,1,false,false,false,false,false,false,false,false,false,false,false,false,true,false,false,false,false,false,false
10897007,2016-11-10T16:00:00.000000+0000,32815,0.1,4621614.088,401680.05950000003,S CANAL BANK RD; AT FACTORY ST,GARLAND,BOX ELDER,1,false,false,false,false,false,false,false,false,false,false,false,false,false,false,false,false,true,false,false
10898139,2016-11-04T09:30:00.000000+0000,13,21.7,4620911.609999999,404924.388,SR-13,GARLAND,BOX ELDER,1,false,false,false,false,false,false,false,false,false,true,false,false,false,true,false,true,false,false,false
10899860,2016-11-20T09:30:00.000000+0000,15,378.408279,4616558.0,402483.0,I-15,TREMONTON,BOX ELDER,2,false,false,false,false,false,false,false,false,true,false,false,false,false,false,false,true,false,false,false
10876145,2016-08-26T00:00:00.000000+0000,102,16.33,4618432.461,403095.8267,80 E MAIN ST;ACROSS FROM MACK',TREMONTON,BOX ELDER,1,false,false,false,false,false,true,false,false,false,false,false,false,false,false,true,false,false,false,false
10892898,2016-10-28T06:56:00.000000+0000,102,14.515,4618377.58,400176.3275,2267 W MAIN,TREMONTON,BOX ELDER,1,false,false,false,false,false,false,false,false,false,false,false,true,false,false,true,false,false,false,false
10894492,2016-10-28T23:14:00.000000+0000,15,398.4,4647298.0,401835.0,I-15,OUTSIDE CITY LIMITS,BOX ELDER,1,false,false,false,false,false,false,false,false,false,false,false,false,false,false,true,true,false,false,true
10885909,2016-09-29T06:39:00.000000+0000,15,381.151,4620159.0,400821.0,I-15,OUTSIDE CITY LIMITS,BOX ELDER,1,false,false,false,false,false,false,false,false,false,false,false,false,false,false,true,true,false,false,false
10909091,2016-12-14T15:46:00.000000+0000,15,385.3,4626553.634,402547.5615,I-15,OUTSIDE CITY LIMITS,BOX ELDER,1,false,false,false,false,false,false,false,false,false,false,false,false,false,false,false,true,false,false,true
10909093,2016-12-14T16:24:00.000000+0000,15,391.9,4637018.056,402896.1237,I-15,OUTSIDE CITY LIMITS,BOX ELDER,1,false,false,false,false,false,false,false,false,false,false,false,false,false,false,false,true,false,false,true
10910444,2016-10-19T13:40:00.000000+0000,30,94,4626341.754,407844.49140000006,SR-30,OUTSIDE CITY LIMITS,BOX ELDER,1,false,false,false,false,false,false,false,false,false,false,false,true,false,true,false,false,false,false,true
10911297,2016-12-28T17:05:00.000000+0000,1123,0.88,4619807.2639999995,400525.0197,905 N 2000 W,TREMONTON,BOX ELDER,1,false,false,false,false,false,false,false,false,false,false,false,false,false,false,true,false,false,false,false
10917018,2016-12-30T17:02:00.000000+0000,84,10.2,4644596.995,362292.2212,I-84,OUTSIDE CITY LIMITS,BOX ELDER,2,false,false,false,false,false,false,false,false,true,false,false,false,false,true,false,true,false,false,false
10806923,2016-01-05T18:06:00.000000+0000,37712,0.1,4617898.753,402200.6255,700 W 375 S,TREMONTON,BOX ELDER,1,false,false,false,false,false,false,false,false,false,false,false,false,true,false,true,false,false,false,false
10808415,2016-01-08T13:40:00.000000+0000,15,379.164155,4617230.0,401464.0,I-15,TREMONTON,BOX ELDER,1,false,false,false,false,false,false,false,false,false,false,false,false,false,false,false,false,false,false,false
10810241,2016-01-06T04:19:00.000000+0000,84,17.194,4639447.393999999,371587.9335000001,I-84,OUTSIDE CITY LIMITS,BOX ELDER,1,false,false,false,false,false,false,false,false,false,false,false,true,false,false,true,true,false,false,true
10811126,2016-01-16T09:23:00.000000+0000,37712,0.1,4618254.301,402036.10169999994,800 W 110 S,TREMONTON,BOX ELDER,1,false,false,false,false,false,false,false,true,false,false,false,false,false,false,false,false,false,false,false
10812028,2016-01-23T20:56:00.000000+0000,1113,1.78,4621671.397,402999.98760000005,300 W FACTORY ST,GARLAND,BOX ELDER,1,false,false,false,false,false,false,false,true,false,false,false,false,true,false,true,true,false,false,true
10812992,2016-01-20T12:13:00.000000+0000,102,15.797,4618407.471000001,402233.51300000004,655 W,TREMONTON,BOX ELDER,1,false,false,false,false,false,false,false,true,false,false,false,true,true,false,false,false,false,false,true
10813563,2016-01-25T12:09:00.000000+0000,37712,0.1,4618866.379,402291.04679999995,709 W 350 N,TREMONTON,BOX ELDER,1,false,false,false,false,false,false,false,false,false,false,false,false,false,false,false,false,false,false,false
10814640,2016-01-29T07:48:00.000000+0000,1127,1.708,4620001.449,400522.1416,1921 W 1000 N,TREMONTON,BOX ELDER,1,false,false,false,false,false,false,false,true,false,false,false,false,false,true,false,false,false,false,false
10817728,2016-02-04T05:55:00.000000+0000,84,19.1,4638789.947000001,374526.674,I-84,OUTSIDE CITY LIMITS,BOX ELDER,1,false,false,false,false,false,false,false,false,false,false,false,true,false,false,true,false,false,false,false
10825690,2016-03-03T14:50:00.000000+0000,37712,0.1,4616911.362,402244.8909,660 W,TREMONTON,BOX ELDER,1,false,false,false,false,false,false,false,false,false,false,false,false,false,false,false,false,false,false,false
10827658,2016-03-06T16:45:00.000000+0000,15,400.3,4650148.0,400874.0,I-15,OUTSIDE CITY LIMITS,BOX ELDER,1,false,false,false,false,false,false,false,false,false,false,false,false,true,false,false,true,false,false,true
10836812,2016-04-03T21:27:00.000000+0000,1135,2.376,4628749.152,403269.3783,16305 N 6000 W,OUTSIDE CITY LIMITS,BOX ELDER,2,false,false,false,false,false,false,false,false,false,true,false,false,false,false,true,true,false,false,false
10842843,2016-05-01T10:06:00.000000+0000,84,35.9,4624228.372,394937.9579,I-84,OUTSIDE CITY LIMITS,BOX ELDER,1,false,false,false,false,false,false,false,false,false,false,false,false,false,false,false,true,false,false,false
10845669,2016-05-06T17:06:00.000000+0000,84,33.1,4627933.991,392654.72400000005,I-84,OUTSIDE CITY LIMITS,BOX ELDER,1,false,false,false,false,false,false,false,false,false,false,false,false,false,false,false,true,false,false,true
10846825,2016-05-06T19:57:00.000000+0000,15,398.2,4647044.0,402030.0,I-15,OUTSIDE CITY LIMITS,BOX ELDER,1,false,false,false,false,false,false,false,false,false,false,false,false,false,false,false,true,false,false,true
10851874,2016-05-31T13:05:00.000000+0000,102,16.267,4618429.502,402995.0571,MAIN,TREMONTON,BOX ELDER,2,false,false,false,false,false,false,false,true,false,false,false,false,false,false,false,false,true,false,false
10856328,2016-06-15T16:28:00.000000+0000,84,23.6,4634310.125999999,379911.7129,I-84,OUTSIDE CITY LIMITS,BOX ELDER,1,false,false,false,false,false,false,false,false,false,false,false,true,false,false,false,true,false,false,false
10856336,2016-06-16T22:15:00.000000+0000,84,12.01,4642670.226,364455.28630000004,I-84,OUTSIDE CITY LIMITS,BOX ELDER,1,false,false,false,false,false,true,false,false,true,false,false,false,false,false,true,true,false,false,false
10875642,2016-08-25T15:50:00.000000+0000,1110,10.35,4618881.992000001,401746.9519,320 N 1000 W; FAIRGROUNDS,TREMONTON,BOX ELDER,1,false,false,false,false,false,false,false,false,false,false,false,false,false,false,false,false,false,false,false
10877645,2016-08-28T21:30:00.000000+0000,30,91.7,4626532.232000001,404169.355,SR 30,OUTSIDE CITY LIMITS,BOX ELDER,1,false,false,false,false,false,false,false,false,true,false,false,false,false,false,true,true,false,false,false
10880222,2016-09-09T19:47:00.000000+0000,36126,0.1,4638013.528999999,403208.77760000003,"6000 W 20900 N, PLYMOUTH, UT,",OUTSIDE CITY LIMITS,BOX ELDER,4,false,false,false,false,false,false,false,false,false,false,false,false,false,false,false,true,false,false,true
10885871,2016-09-28T04:05:00.000000+0000,84,0.035,4618312.439,399574.6542,I-84,OUTSIDE CITY LIMITS,BOX ELDER,1,false,false,false,false,false,false,false,false,false,false,false,false,false,false,true,true,false,false,true
10887531,2016-10-02T03:40:00.000000+0000,36126,0.1,4637038.112,405035.4388,20400 NORTH,PLYMOUTH,BOX ELDER,2,false,false,false,false,false,false,true,true,false,false,false,false,false,false,true,true,false,false,true
10889691,2016-10-17T11:35:00.000000+0000,82,1.999,4621680.402000001,403322.3032,N MAIN ST & E FACTORY ST,GARLAND,BOX ELDER,1,false,false,false,false,false,false,false,true,false,false,false,false,false,true,false,false,true,false,false
10893266,2016-09-21T17:30:00.000000+0000,1113,1.91,4621677.107,403209.8979,100 W FACTORY ST,GARLAND,BOX ELDER,1,false,false,false,false,false,false,false,true,false,false,false,false,false,true,false,false,false,false,false
10897551,2016-11-12T21:31:00.000000+0000,57712,0.1,4617462.738000001,402577.9147,460 W 720 S,TREMONTON,BOX ELDER,1,false,false,false,false,false,false,false,true,false,false,false,false,true,false,true,false,true,false,false
10903413,2016-11-21T13:54:00.000000+0000,15,383.4,4623607.49,401789.5226,I-15,OUTSIDE CITY LIMITS,BOX ELDER,1,false,false,false,false,false,false,false,false,false,false,false,false,false,false,false,true,false,false,true
10810592,2016-01-16T14:15:00.000000+0000,15,384.6,4625451.522999999,402340.4282,I-15,OUTSIDE CITY LIMITS,BOX ELDER,1,false,false,false,false,false,false,false,false,false,false,false,false,false,false,false,true,false,false,true
10821739,2016-02-13T23:20:00.000000+0000,15,393.8,4640075.0,402885.0,I-15,OUTSIDE CITY LIMITS,BOX ELDER,1,false,false,false,false,false,false,false,false,true,false,false,false,false,false,true,true,false,false,false
10833416,2016-04-01T17:00:00.000000+0000,1138,0.215,4622028.628999999,403318.8066,300 N MAIN ST,GARLAND,BOX ELDER,1,false,false,false,false,false,false,false,false,false,false,false,false,false,true,false,true,false,false,false
10830380,2016-03-23T08:03:00.000000+0000,1121,0.275,4619217.794,402198.7122,750 W 600 N,TREMONTON,BOX ELDER,1,false,false,false,false,false,false,false,false,false,false,false,false,true,false,false,false,false,false,false
10835186,2016-04-05T16:00:00.000000+0000,15,0.255,4615072.6959999995,405029.17209999997,I-15,ELWOOD,BOX ELDER,1,false,false,false,false,false,false,false,false,false,false,false,false,false,false,false,false,false,false,false
10854485,2016-06-13T06:15:00.000000+0000,1129,0.71,4620066.927,404498.17679999996,E 1400 S; RIVERBOTTOMS,GARLAND,BOX ELDER,3,false,false,false,false,false,false,false,false,false,false,false,false,true,false,false,true,true,true,true
10849881,2016-05-20T03:46:00.000000+0000,84,16,4639277.9229999995,369695.5721,I84 WB X16 OFF,OUTSIDE CITY LIMITS,BOX ELDER,1,false,false,false,false,false,false,true,false,false,false,false,false,false,false,true,true,false,false,true
10870063,2016-07-23T17:00:00.000000+0000,30,91.909,4626534.279,404506.5337,SR-30,OUTSIDE CITY LIMITS,BOX ELDER,1,false,false,false,false,false,false,false,true,false,false,false,false,true,false,false,false,false,false,false
10868669,2016-07-29T15:45:00.000000+0000,84,14.5,4640788.579,367934.99650000007,I-84,OUTSIDE CITY LIMITS,BOX ELDER,1,false,false,false,false,false,false,false,false,false,false,false,false,false,false,false,true,false,false,true
10873986,2016-08-10T13:50:00.000000+0000,15,384.9,4625921.979,402446.49850000005,I-15,OUTSIDE CITY LIMITS,BOX ELDER,2,false,false,false,false,false,false,false,false,false,false,true,false,false,false,false,true,false,true,true
10858885,2016-06-20T17:52:00.000000+0000,84,0.096,4618373.5,399847.7,I-84 OFF RAMP NORTH BOUND EXIT,OUTSIDE CITY LIMITS,BOX ELDER,1,false,false,false,false,false,false,false,true,false,false,false,false,false,false,false,true,false,false,true
10891723,2016-10-15T17:28:00.000000+0000,84,36.9,4622675.235,395366.7024,I-84,OUTSIDE CITY LIMITS,BOX ELDER,3,false,false,false,false,false,false,false,false,false,false,false,false,false,false,false,true,false,true,true
10877193,2016-08-26T11:20:00.000000+0000,84,31.8,4628765.334,390731.07920000004,I-84,OUTSIDE CITY LIMITS,BOX ELDER,3,false,false,false,false,false,false,false,false,false,false,false,false,false,false,false,true,false,false,true
10874998,2016-08-17T23:56:00.000000+0000,15,382.9,4622861.192999999,401529.7857,I-15,OUTSIDE CITY LIMITS,BOX ELDER,1,false,false,false,false,false,false,false,false,true,false,false,false,false,false,true,true,false,false,false
10880052,2016-09-06T16:50:00.000000+0000,84,39.8,4619252.563999999,398222.19060000003,I-84,OUTSIDE CITY LIMITS,BOX ELDER,1,true,false,false,false,false,false,false,false,false,false,false,false,false,false,false,true,false,false,false
10876918,2016-08-26T06:45:00.000000+0000,84,18.4,4639168.995,373465.6053,I-84,OUTSIDE CITY LIMITS,BOX ELDER,1,false,false,false,false,false,false,false,false,true,false,false,true,false,false,false,true,false,false,false
10876163,2016-08-29T06:25:00.000000+0000,37712,0.1,4620115.893999999,399666.3083,2660 W,TREMONTON,BOX ELDER,1,false,false,false,false,false,true,false,true,false,false,false,false,false,true,false,false,false,false,false
10877421,2016-09-01T17:21:00.000000+0000,102,14.49,4618377.066,400135.49980000005,2302 W MAIN ST,TREMONTON,BOX ELDER,1,false,false,false,false,false,false,false,true,false,false,false,false,false,false,false,false,false,false,false
10887533,2016-09-14T13:35:00.000000+0000,15,388.7,4631964.0,402192.0,I-15,OUTSIDE CITY LIMITS,BOX ELDER,3,false,false,false,false,false,false,false,false,false,false,false,false,false,false,false,true,false,false,true
10884771,2016-09-21T12:23:00.000000+0000,84,21.5,4637038.721,377929.09260000003,I-84,OUTSIDE CITY LIMITS,BOX ELDER,1,false,false,false,false,false,false,false,false,false,false,false,false,false,false,false,false,false,false,false
10909074,2016-12-08T15:28:00.000000+0000,84,29.1,4630205.073,386677.96400000004,I-84,OUTSIDE CITY LIMITS,BOX ELDER,1,false,false,false,false,false,false,false,false,false,false,true,false,false,false,false,true,false,false,true
10811566,2016-01-21T18:27:00.000000+0000,82,0.865,4619844.118,403337.39920000004,1500 S MAIN,GARLAND,BOX ELDER,4,false,true,false,false,false,false,false,true,false,false,false,false,true,false,true,true,false,false,false
10814324,2016-01-20T18:37:00.000000+0000,13,21.35,4620349.265,404939.92380000005,SR-13,OUTSIDE CITY LIMITS,BOX ELDER,2,false,false,false,false,false,false,false,false,false,false,false,false,false,false,true,false,false,false,false
10828311,2016-03-17T07:20:00.000000+0000,82,0.491,4619245.376,403344.09920000006,SR-82,TREMONTON,BOX ELDER,1,false,false,false,false,false,false,false,true,false,false,false,false,true,false,false,false,false,false,false
10839954,2016-04-19T15:33:00.000000+0000,37712,0.1,4618394.792,402753.265,20 S 200 W,TREMONTON,BOX ELDER,1,false,false,false,false,false,false,false,false,false,false,false,false,false,true,false,false,false,false,false
10845887,2016-05-09T15:09:00.000000+0000,102,16.19,4618426.29,402870.43090000004,100 W MAIN ST,TREMONTON,BOX ELDER,1,false,false,false,false,false,false,false,true,false,false,false,false,true,false,false,false,false,false,false
10847616,2016-05-10T21:09:00.000000+0000,84,33.1,4627959.81,392666.2504,I-84,OUTSIDE CITY LIMITS,BOX ELDER,1,false,false,false,false,false,false,false,false,true,false,false,false,false,false,true,true,false,false,false
10847942,2016-05-13T19:25:00.000000+0000,37712,0.1,4617327.352,402406.2523,540 W,TREMONTON,BOX ELDER,1,false,false,false,false,false,false,false,false,false,false,false,false,false,true,false,false,false,false,false
10850957,2016-05-24T15:15:00.000000+0000,102,12.9,4618337.3,397574.11689999996,SR-102,OUTSIDE CITY LIMITS,BOX ELDER,1,false,false,false,false,false,false,false,false,false,false,false,true,false,false,false,false,false,false,false
10852742,2016-06-05T13:25:00.000000+0000,102,16.48,4618437.128999999,403335.3048,MAIN,TREMONTON,BOX ELDER,2,false,false,false,false,false,false,false,true,false,false,false,false,false,false,false,false,false,false,false
10853817,2016-06-07T18:12:00.000000+0000,15,390.13,4634186.157,402773.8214,I-15,OUTSIDE CITY LIMITS,BOX ELDER,3,false,false,false,false,false,false,false,false,false,false,true,true,false,false,false,true,false,false,true
10864803,2016-07-10T03:34:00.000000+0000,84,25.5,4631721.442000001,381552.864,I-84,OUTSIDE CITY LIMITS,BOX ELDER,3,false,false,false,false,false,false,false,false,false,false,true,false,false,false,true,true,false,true,true
10879596,2016-08-22T09:30:00.000000+0000,1110,10.142,4618544.966,401748.64759999997,1000 W 100 N,TREMONTON,BOX ELDER,1,false,false,false,false,false,false,false,false,false,false,false,false,false,false,false,true,true,false,true
10885854,2016-09-22T14:06:00.000000+0000,84,24.009,4633740.953,380245.9088,I-84,OUTSIDE CITY LIMITS,BOX ELDER,1,false,false,false,false,false,false,false,false,false,false,false,false,false,false,false,false,false,false,false
10891732,2016-10-08T06:50:00.000000+0000,15,388.9,4632284.6219999995,402234.6973,I-15,OUTSIDE CITY LIMITS,BOX ELDER,1,false,false,false,false,false,false,false,false,true,false,false,false,false,false,false,true,false,false,false
10893284,2016-10-28T15:24:00.000000+0000,82,0.16,4618703.076,403351.572,200 N 300 E,TREMONTON,BOX ELDER,2,false,false,false,false,false,false,false,false,false,false,false,false,true,false,false,false,true,false,false
10894491,2016-10-29T12:35:00.000000+0000,102,10.461,4618278.152999999,393663.4662,SR-102,OUTSIDE CITY LIMITS,BOX ELDER,1,false,false,false,false,true,true,false,true,false,false,false,false,false,true,false,false,false,false,false
10898108,2016-10-28T09:15:00.000000+0000,84,16.1,4639250.098,369847.807,I-84,OUTSIDE CITY LIMITS,BOX ELDER,1,false,false,false,false,false,false,false,false,false,false,true,false,false,false,false,true,false,true,true
10901176,2016-11-22T19:16:00.000000+0000,13,21.177,4620070.063999999,404945.3048,HIGHWAY 13,GARLAND,BOX ELDER,1,false,false,false,false,false,false,false,true,false,false,false,false,true,false,true,false,false,false,false
10906178,2016-12-08T16:30:00.000000+0000,1125,0.98,4619969.128999999,400110.39360000007,2300 W,TREMONTON,BOX ELDER,1,false,false,false,false,false,false,false,false,false,false,false,false,true,false,false,false,false,false,false
10909099,2016-12-15T00:09:00.000000+0000,102,11.1,4618305.694999999,394671.96340000007,SR-102,OUTSIDE CITY LIMITS,BOX ELDER,1,false,false,false,false,false,false,false,false,false,true,false,false,false,false,true,true,false,false,false
10910296,2016-12-24T14:45:00.000000+0000,84,26.4,4630616.045,382475.21030000004,I-84,HOWELL,BOX ELDER,1,false,false,false,false,false,false,false,false,false,false,true,false,false,false,false,true,false,false,true
10910823,2016-12-24T23:26:00.000000+0000,1132,0.305,4621724.092999999,405006.0515,5100 W 12800 N,OUTSIDE CITY LIMITS,BOX ELDER,1,false,false,false,false,false,false,false,true,false,false,false,false,false,false,true,true,false,false,true
10910923,2016-12-27T19:30:00.000000+0000,1125,0.035,4618433.302,400133.53940000007,40 N 2300 W,TREMONTON,BOX ELDER,1,false,false,false,false,false,false,true,false,false,false,false,false,false,false,true,true,false,false,true
10911156,2016-12-25T11:44:00.000000+0000,102,16.754,4618445.574,403774.98480000003,621 E MAIN,TREMONTON,BOX ELDER,1,false,false,false,false,false,false,false,false,false,false,false,false,false,false,false,false,false,false,false
10816021,2016-02-02T15:06:00.000000+0000,102,16.267,4618429.5139999995,402995.4828,MAIN,TREMONTON,BOX ELDER,1,false,false,false,false,false,false,false,true,false,false,false,true,false,false,false,false,false,false,false
10816185,2016-01-29T08:33:00.000000+0000,13,19.1,4616731.7870000005,404992.27920000005,SR 13,ELWOOD,BOX ELDER,2,false,false,false,false,false,false,false,true,false,false,false,false,false,false,false,false,false,false,false
10827653,2016-03-06T22:35:00.000000+0000,15,394.4,4641041.567,402837.74069999997,I-15,OUTSIDE CITY LIMITS,BOX ELDER,1,false,false,false,false,false,false,false,false,false,false,false,false,false,false,true,true,false,true,true
10835115,2016-04-04T20:21:00.000000+0000,13,23.1,4623066.592999999,404531.8321,SR 13,OUTSIDE CITY LIMITS,BOX ELDER,1,false,false,false,false,false,false,false,false,true,false,false,false,false,false,true,true,false,false,false
10852532,2016-06-05T21:31:00.000000+0000,32815,0.1,4621103.634,402959.43820000003,500 S 300 W,GARLAND,BOX ELDER,1,false,false,false,false,false,false,false,false,false,false,false,false,false,false,true,false,false,false,false
10851188,2016-05-26T21:35:00.000000+0000,84,29.3,4630202.177,387005.65499999997,I-84,OUTSIDE CITY LIMITS,BOX ELDER,1,false,false,false,false,false,false,false,false,true,false,false,false,false,false,true,true,false,false,false
10851108,2016-05-27T19:55:00.000000+0000,84,31.4,4628972.615999999,390118.7198,I-84,OUTSIDE CITY LIMITS,BOX ELDER,1,false,false,false,false,false,false,false,false,false,false,false,false,false,false,false,true,false,false,true
10856350,2016-06-16T18:15:00.000000+0000,1066,1.07,4620021.358999999,393650.74769999995,10800 W,OUTSIDE CITY LIMITS,BOX ELDER,1,false,false,false,false,false,false,false,false,false,false,false,false,false,false,false,true,false,false,true
10862435,2016-07-02T17:28:00.000000+0000,37712,0.1,4619632.797,405763.93610000005,11762 N 4800 W,OUTSIDE CITY LIMITS,BOX ELDER,1,false,false,false,false,false,false,false,false,false,false,false,false,false,true,false,true,false,false,false
10891687,2016-10-13T18:02:00.000000+0000,84,15.36,4639931.122999999,368959.76769999997,I-84,OUTSIDE CITY LIMITS,BOX ELDER,1,false,false,false,false,true,false,false,false,false,false,false,false,false,false,false,false,false,false,false
10896088,2016-10-29T15:29:00.000000+0000,84,17.2,4639448.936000001,371597.70910000004,I-84,OUTSIDE CITY LIMITS,BOX ELDER,4,false,false,false,false,false,false,false,false,false,false,false,true,false,true,false,false,false,false,false
10876333,2016-08-30T06:20:00.000000+0000,1127,1.095,4619985.068999999,399521.5648,1000 N,TREMONTON,BOX ELDER,1,false,false,false,false,false,false,false,false,true,false,false,false,false,false,false,true,false,false,false
10887240,2016-10-06T15:19:00.000000+0000,37712,0.1,4618632.25,403108.0658,100 E,TREMONTON,BOX ELDER,1,false,false,false,false,false,false,false,false,false,false,false,false,false,true,false,false,false,false,false
10876390,2016-08-30T07:46:00.000000+0000,102,14.9,4618387.368999999,400792.19060000003,"2700 W MAIN & I-15, TREMONTON,",TREMONTON,BOX ELDER,1,false,false,false,false,false,false,false,false,false,false,false,false,false,false,false,false,false,false,false
10906248,2016-12-01T07:08:00.000000+0000,15,383.212,4623309.0,401753.0,I-15,OUTSIDE CITY LIMITS,BOX ELDER,2,false,false,false,false,true,true,false,false,false,false,true,false,false,false,false,true,false,false,true
10906254,2016-12-09T08:45:00.000000+0000,102,10.473,4618298.06,393663.3112,SR-102,OUTSIDE CITY LIMITS,BOX ELDER,3,false,false,false,false,false,false,false,true,false,false,false,true,false,false,false,false,false,false,false
10906291,2016-12-11T04:00:00.000000+0000,15,382.2,4621794.339,401164.0985,I-15,OUTSIDE CITY LIMITS,BOX ELDER,1,false,false,false,false,false,false,false,false,false,false,false,false,false,false,true,true,false,false,true
10905724,2016-12-08T15:11:00.000000+0000,82,0.97,4620011.219,403336.2622,1410 S 300 E,GARLAND,BOX ELDER,1,false,false,false,false,false,false,false,true,false,false,false,false,true,false,false,false,true,false,false
10914053,2016-12-16T16:44:00.000000+0000,37712,0.1,4618959.376,402857.2561,100 W,TREMONTON,BOX ELDER,1,false,false,false,false,false,false,false,false,false,false,false,false,false,true,false,false,false,false,false
10807344,2016-01-06T15:53:00.000000+0000,1121,0.64,4619227.358,402785.82920000004,600 N 200 W,TREMONTON,BOX ELDER,1,false,false,false,false,false,false,true,false,false,false,false,false,true,false,false,false,true,false,false
10812672,2016-01-18T11:25:00.000000+0000,84,36.2,4623774.041,395104.29050000006,I-84,OUTSIDE CITY LIMITS,BOX ELDER,1,false,false,false,false,false,false,true,false,false,false,true,true,false,false,false,false,true,false,false
10827660,2016-03-06T17:32:00.000000+0000,15,398.4,4647298.0,401835.0,I-15,OUTSIDE CITY LIMITS,BOX ELDER,1,false,false,false,false,false,false,false,false,false,false,false,false,false,false,false,true,false,false,true
10846827,2016-05-02T12:25:00.000000+0000,84,31.1,4629056.365999999,389643.3282,I-84,OUTSIDE CITY LIMITS,BOX ELDER,2,false,false,false,false,false,false,false,false,false,false,true,false,false,false,false,true,false,false,false
10850918,2016-05-25T14:00:00.000000+0000,15,398.7,4647692.0,401558.0,I-15,OUTSIDE CITY LIMITS,BOX ELDER,1,false,false,false,false,false,false,false,false,false,false,false,false,false,false,false,true,false,false,true
10854466,2016-06-10T19:45:00.000000+0000,37712,0.1,4619055.46,402855.24809999997,100 W 500 N,TREMONTON,BOX ELDER,1,false,false,false,false,false,false,false,false,false,false,false,false,true,false,false,false,false,false,false
10854689,2016-06-08T08:02:00.000000+0000,82,0.931,4619949.5139999995,403336.6821,1455 S MAIN ST,GARLAND,BOX ELDER,1,false,false,false,false,false,false,false,false,false,false,false,false,false,true,false,false,true,false,false
10867580,2016-07-27T16:00:00.000000+0000,102,16.23,4618427.958000001,402935.13950000005,50 W MAIN,TREMONTON,BOX ELDER,2,false,false,false,false,false,false,false,false,false,false,false,false,false,false,false,false,false,false,false
10868620,2016-07-21T13:30:00.000000+0000,1064,3.361,4648514.0,358332.0,560 N STONE RD,SNOWVILLE,BOX ELDER,1,false,false,false,false,false,false,false,false,false,false,false,false,false,true,false,true,false,true,true
10871281,2016-07-25T14:50:00.000000+0000,30,91.96,4626535.833,404588.47860000003,SR-30,OUTSIDE CITY LIMITS,BOX ELDER,1,false,false,false,false,false,false,false,false,false,false,false,true,false,false,false,false,false,false,false
10894519,2016-10-18T20:18:00.000000+0000,15,385,4626079.087,402481.6456,I-15,OUTSIDE CITY LIMITS,BOX ELDER,1,false,false,false,false,false,false,false,false,false,false,false,false,true,false,true,false,false,false,false
10898147,2016-11-10T18:30:00.000000+0000,13,21.185,4620082.933,404945.0868,HWY 13,GARLAND,BOX ELDER,1,false,false,false,false,false,false,false,false,true,false,false,false,false,true,true,true,false,false,false
10905410,2016-12-07T17:00:00.000000+0000,102,16.455,4618436.344,403295.5862,SR-102 (MAIN STREET),TREMONTON,BOX ELDER,1,false,false,false,false,false,false,false,false,false,false,false,false,true,true,false,false,false,false,false
10905667,2016-11-28T08:32:00.000000+0000,15,384.9,4625921.979,402446.49850000005,I-15,OUTSIDE CITY LIMITS,BOX ELDER,1,false,false,false,false,false,false,false,false,false,false,false,false,false,false,false,true,false,false,true
10905703,2016-11-17T17:25:00.000000+0000,15,377.822066,4616037.0,403274.0,I-15,OUTSIDE CITY LIMITS,BOX ELDER,1,false,false,false,false,false,false,false,false,true,false,false,false,false,false,false,true,false,false,false
10907230,2016-12-14T08:32:00.000000+0000,32815,0.1,4620046.212,403730.3427999999,350 E 1400 S,GARLAND,BOX ELDER,1,false,false,false,false,false,false,false,false,false,false,false,false,true,false,false,false,false,false,false
10909082,2016-12-11T18:12:00.000000+0000,84,0.285,4646810.738000001,357942.50960000005,I-84,OUTSIDE CITY LIMITS,BOX ELDER,1,false,false,false,false,false,false,false,false,false,false,false,true,false,false,true,true,false,false,false
